rodolphe;850;nr
aller;499;ver
voir;405;ver
maître;328;nom
homme;308;nom
chourineur;302;nr
école;253;nom
venir;233;ver
petit;225;adj
murph;207;nr
donner;201;ver
femme;192;nom
grand;176;adj
jour;172;nom
sarah;165;nr
jeune;160;adj
fois;152;nom
porte;151;nom
trouver;150;ver
heure;150;nom
franc;150;nom
goualeuse;149;nr
marier;143;ver
main;143;nom
air;142;nom
mettre;141;ver
maison;139;nom
bras;139;nom
parler;137;ver
prendre;134;ver
oeil;126;nom
harville;126;nr
pauvre;125;adj
écrier;124;ver
fleur;123;nom
moment;120;nom
sortir;119;ver
coup;119;nom
tenir;115;ver
rouge;115;adj
connaître;114;ver
reprendre;113;ver
fille;113;nom
enfant;113;nom
regarder;112;ver
entendre;110;ver
marquis;108;nom
beau;108;adj
répondre;107;ver
dieu;107;nom
tom;106;nom
pipelet;106;nom
demander;105;ver
vieux;104;adj
rester;100;ver
rendre;94;ver
voix;93;nom
rue;93;nom
aimer;93;ver
temps;92;nom
premier;92;adj
noir;91;adj
arriver;89;ver
passer;88;ver
malheureux;86;adj
attendre;86;ver
chose;85;nom
mot;84;nom
vie;83;nom
ogresse;82;nom
fermer;82;ver
cher;79;adj
mère;78;nom
saint;77;nom
abbé;77;nom
doute;76;nom
portier;75;nom
revenir;74;ver
vrai;72;adj
vivre;72;ver
georges;72;nr
jeter;71;ver
soir;70;nom
paraître;70;ver
nom;70;nom
tête;69;nom
sembler;69;ver
laisser;69;ver
dernier;69;adj
coeur;69;nom
chercher;69;ver
brigand;69;nom
altesse;67;nom
long;66;adj
david;66;nr
ajouter;66;ver
bas;65;adj
entrer;64;ver
comprendre;64;ver
seul;63;adj
penser;63;ver
fils;63;nom
quitter;62;ver
lettre;62;nom
chambre;61;nom
blanc;61;adj
argent;60;nom
appeler;60;ver
suivre;59;ver
perdre;59;ver
prince;58;nom
peine;57;nom
nuit;57;nom
gens;57;nom
porter;56;ver
garder;56;ver
figure;56;nom
cacher;56;ver
rire;55;ver
tapis;54;nom
ouvrir;54;ver
ami;54;nom
sentir;53;ver
profond;53;adj
grand_duc;53;nom
seulement;52;adv
idée;52;nom
côté;52;nom
regard;51;nom
père;51;nom
dame;51;nom
bout;51;nom
alfred;51;nr
mort;50;nom
monter;50;ver
heureux;50;adj
garçon;50;nom
descendre;50;ver
songer;49;ver
raison;49;nom
pied;49;nom
payer;49;ver
nouveau;49;adj
matin;49;nom
eau;49;nom
commandant;49;nom
pari;48;nom
milieu;48;nom
lieu;48;nom
baron;48;nom
servir;47;ver
monde;47;nom
mois;47;nom
mauvais;47;adj
oublier;46;ver
intérêt;46;nom
fiacre;46;nom
arrêter;46;ver
écouter;45;ver
sûr;45;adj
gros;45;adj
comte;45;nom
battre;45;ver
manger;44;ver
force;44;nom
espérer;44;ver
cheveu;44;nom
charmant;44;adj
amour;44;nom
tomber;43;ver
partir;43;ver
honnête;43;adj
cheval;43;nom
approcher;43;ver
lever;42;ver
horrible;42;adj
bonheur;42;nom
trait;41;nom
oser;41;ver
devenir;41;ver
charles;41;nr
âme;40;nom
verre;40;nom
robert;40;nom
joli;40;adj
effet;40;nom
continuer;40;ver
borgnesse;40;nr
boire;40;ver
tuer;39;ver
tonnerre;39;nom
sorte;39;nom
triste;38;adj
parfaitement;38;adv
empêcher;38;ver
doux;38;adj
table;37;nom
rigolette;37;nr
crime;37;nom
cour;37;nom
couleur;37;nom
bourgeois;37;nom
voler;36;ver
vert;36;adj
reconnaître;36;ver
asseoir;36;ver
apercevoir;36;ver
état;35;nom
voiture;35;nom
tortillard;35;nom
honneur;35;nom
haut;35;adj
germain;35;adj
frapper;35;ver
affaire;35;nom
service;34;nom
position;34;nom
pensée;34;nom
offrir;34;ver
mériter;34;ver
lucenay;34;nr
froid;34;adj
espèce;34;nom
digne;34;adj
dent;34;nom
crier;34;ver
commencer;34;ver
charger;34;ver
cause;34;nom
arracher;34;ver
échapper;33;ver
sang;33;nom
rentrer;33;ver
rappeler;33;ver
mouvement;33;nom
marcher;33;ver
jardin;33;nom
gagner;33;ver
finir;33;ver
esprit;33;nom
brave;33;adj
bientôt;33;adv
veuf;32;nom
suite;32;nom
souvenir;32;ver
souriant;32;adj
retourner;32;ver
rendez_vous;32;nom
physionomie;32;nom
peur;32;nom
parole;32;nom
fin;32;nom
compter;32;ver
bête;32;nom
bois;32;nom
apprendre;32;ver
affreux;32;adj
adresser;32;ver
terre;31;nom
tendre;31;ver
taille;31;nom
silence;31;nom
plutôt;31;adv
mari;31;nom
manquer;31;ver
locataire;31;nom
goût;31;nom
front;31;nom
tour;30;nom
terrible;30;adj
sauver;30;ver
pousser;30;ver
placer;30;ver
malheur;30;nom
inconnu;30;nom
honte;30;nom
graün;30;nr
expression;30;nom
craindre;30;ver
courir;30;ver
cocher;30;adj
campagne;30;nom
bruit;30;nom
tromper;29;ver
travailler;29;ver
toucher;29;ver
temple;29;nom
plaisir;29;nom
permettre;29;ver
ouvrier;29;nom
occuper;29;ver
médecin;29;nom
contraire;29;nom
causer;29;ver
caractère;29;nom
appartenir;29;ver
sombre;28;adj
simple;28;adj
rencontrer;28;ver
poing;28;nom
part;28;nom
ordre;28;nom
méchant;28;adj
montrer;28;ver
misère;28;nom
lèvre;28;nom
loge;28;nom
feu;28;nom
cou;28;nom
conduire;28;ver
coin;28;nom
chien;28;nom
cabaret;28;nom
attacher;28;ver
épaule;27;nom
sauvage;27;adj
rare;27;adj
pain;27;nom
mur;27;nom
large;27;adj
instant;27;nom
cri;27;nom
coucher;27;ver
champ;27;nom
bonté;27;nom
bonnet;27;nom
besoin;27;nom
bagne;27;nom
étonner;26;ver
éclat;26;nom
valoir;26;ver
soin;26;nom
reconnaissance;26;nom
proposer;26;ver
pitié;26;nom
mourir;26;ver
mariage;26;nom
famille;26;nom
excellent;26;adj
droit;26;nom
curé;26;nom
convenir;26;ver
assurer;26;ver
agir;26;ver
çà;25;adv
âge;25;nom
répéter;25;ver
prêtre;25;nom
larme;25;nom
généreux;25;adj
gerolstein;25;nr
frère;25;nom
fond;25;nom
foi;25;nom
faim;25;nom
deviner;25;ver
cité;25;nom
chapeau;25;nom
bleu;25;adj
avouer;25;ver
écrire;24;ver
tirer;24;ver
signe;24;nom
retrouver;24;ver
renseignement;24;nom
quoiqu;24;nr
portefeuille;24;nom
plaindre;24;ver
peindre;24;ver
nez;24;nom
misérable;24;adj
jambe;24;nom
envoyer;24;ver
dos;24;nom
arrivée;24;nom
arbre;24;nom
apporter;24;ver
visage;23;nom
vif;23;adj
tranquille;23;adj
secret;23;nom
présenter;23;ver
prison;23;nom
possible;23;adj
plein;23;adj
place;23;nom
pareil;23;adj
manière;23;nom
gauche;23;nom
fier;23;ver
fenêtre;23;nom
escalier;23;nom
découvrir;23;ver
duc;23;nom
disparaître;23;ver
césar;23;nom
content;23;adj
charbonnier;23;adj
cave;23;nom
baisser;23;ver
remettre;22;ver
recevoir;22;ver
pâle;22;adj
prévenir;22;ver
près_de;22;adv
peintre;22;nom
papier;22;nom
lire;22;ver
justement;22;adv
journée;22;nom
hasard;22;nom
faux;22;adj
demeure;22;nom
curieux;22;adj
couteau;22;nom
changer;22;ver
chagrin;22;nom
cabrion;22;nr
brusquement;22;adv
année;22;nom
éveiller;21;ver
willis;21;nr
vin;21;nom
sourire;21;ver
robe;21;nom
riche;21;adj
regretter;21;ver
partie;21;nom
marchand;21;nom
interrompre;21;ver
histoire;21;nom
entrée;21;nom
entourer;21;ver
défendre;21;ver
docteur;21;nom
créature;21;nom
corps;21;nom
compagnon;21;nom
chanter;21;ver
aider;21;ver
égal;20;adj
vêtir;20;ver
sujet;20;nom
soeur;20;nom
satisfaire;20;ver
ressentir;20;ver
raconter;20;ver
propos;20;nom
pleurer;20;ver
personnage;20;nom
parent;20;nom
minute;20;nom
instinct;20;nom
gris;20;adj
finette;20;nom
face;20;nom
désirer;20;ver
complètement;20;adv
ciel;20;nom
chemin;20;nom
cecily;20;nr
étonnement;19;nom
éprouver;19;ver
éloigner;19;ver
voleur;19;nom
sonner;19;ver
société;19;nom
récit;19;nom
rose;19;adj
remy;19;nr
rage;19;nom
promettre;19;ver
projet;19;nom
poche;19;nom
observer;19;ver
obliger;19;ver
naturel;19;adj
léger;19;adj
louer;19;ver
libre;19;adj
jouer;19;ver
habit;19;nom
fou;19;adj
exprimer;19;ver
esclave;19;nom
endroit;19;nom
dur;19;adj
crainte;19;nom
couvrir;19;ver
courage;19;nom
confiance;19;nom
compte;19;nom
commettre;19;ver
clémence;19;nom
bradamanti;19;nr
boutique;19;nom
blouse;19;nom
appuyer;19;ver
aide;19;nom
adresse;19;nom
action;19;nom
accepter;19;ver
épais;18;adj
travers;18;nom
tante;18;nom
surprise;18;nom
squire;18;nom
salon;18;nom
retirer;18;ver
refuser;18;ver
rapporter;18;ver
prouver;18;ver
profondément;18;adv
nègre;18;nom
nouvelle;18;adj
monstre;18;nom
lecteur;18;nom
justice;18;nom
joie;18;nom
jeunesse;18;nom
impossible;18;adj
horreur;18;nom
honorer;18;ver
hiver;18;nom
heureusement;18;adv
habitude;18;nom
habiter;18;ver
grave;18;adj
fer;18;nom
envie;18;nom
défier;18;ver
douloureux;18;adj
chaud;18;adj
camarade;18;nom
beauté;18;nom
bandit;18;nom
auprès_de;18;nr
ange;18;nom
amener;18;ver
acheter;18;ver
étage;17;nom
énorme;17;adj
tort;17;nom
sucre;17;nom
souverain;17;nom
seconde;17;nom
scène;17;nom
remarquer;17;ver
quartier;17;nom
posséder;17;ver
ponisse;17;nr
oreille;17;nom
lit;17;nom
inspirer;17;ver
hideux;17;adj
habituer;17;ver
fermier;17;nom
fameux;17;adj
expliquer;17;ver
dangereux;17;adj
charme;17;nom
certainement;17;adv
blond;17;adj
avancer;17;ver
annoncer;17;ver
amuser;17;ver
abandonner;17;ver
étrange;16;adj
émotion;16;nom
violent;16;adj
taverne;16;nom
soleil;16;nom
sinistre;16;adj
scélérat;16;nom
rêve;16;nom
respect;16;nom
rapport;16;nom
prier;16;ver
ouvrage;16;nom
noble;16;adj
métier;16;nom
mystérieux;16;adj
meilleur;16;adj
intelligence;16;nom
gai;16;adj
forcer;16;ver
feuille;16;nom
faute;16;nom
faible;16;adj
douter;16;ver
danger;16;nom
contraste;16;nom
conduite;16;nom
colère;16;nom
capable;16;adj
cabinet;16;nom
brun;16;adj
ambassadeur;16;nom
église;15;nom
éclairer;15;ver
vol;15;nom
voisin;15;nom
visiter;15;ver
venger;15;ver
vendre;15;ver
veille;15;nom
tâcher;15;ver
tenter;15;ver
taire;15;ver
surprendre;15;ver
souper;15;nom
situer;15;ver
sauter;15;ver
rejoindre;15;ver
question;15;nom
prêter;15;ver
protéger;15;ver
pratique;15;adj
plaisanterie;15;nom
pièce;15;nom
partager;15;ver
ménage;15;nom
intéresser;15;ver
influence;15;nom
immense;15;adj
ignorer;15;ver
haine;15;nom
gueux;15;nom
féroce;15;adj
france;15;nr
farce;15;nom
extrême;15;adj
entretien;15;nom
eau_de_vie;15;nom
drôle;15;adj
crever;15;ver
cravate;15;nom
briller;15;ver
bal;15;nom
aveugle;15;adj
anglais;15;nom
ancien;15;adj
vanter;14;ver
vain;14;adj
tôt;14;adv
trou;14;nom
souffrir;14;ver
sergent;14;nom
santé;14;nom
réflexion;14;nom
rond;14;nom
retour;14;nom
ressembler;14;ver
repentir;14;ver
rencontre;14;nom
pénétrer;14;ver
polidori;14;nr
pluie;14;nom
pleuvoir;14;ver
passion;14;nom
ouen;14;nr
orge;14;nom
occasion;14;nom
notaire;14;nom
nommer;14;ver
moyen;14;nom
morceau;14;nom
moitié;14;nom
louis;14;nom
hôtel;14;nom
habiller;14;ver
gêner;14;ver
gentilhomme;14;nom
genou;14;nom
façon;14;nom
effrayant;14;adj
départ;14;nom
duresnel;14;nr
droite;14;nom
consentir;14;ver
connaissance;14;nom
comptoir;14;nom
colon;14;nom
châle;14;nom
chaîne;14;nom
charlatan;14;nom
billet;14;nom
avertir;14;ver
amitié;14;nom
épouvantable;13;adj
victime;13;nom
travail;13;nom
tourner;13;ver
tableau;13;nom
sérieux;13;adj
supposer;13;ver
soutenir;13;ver
sourd;13;adj
sourcil;13;nom
soie;13;nom
singulier;13;adj
second;13;adj
route;13;nom
rougir;13;ver
retenir;13;ver
remplir;13;ver
relever;13;ver
rassurer;13;ver
pur;13;adj
présent;13;nom
présence;13;nom
profiter;13;ver
plaine;13;nom
pierre;13;nom
pardonner;13;ver
malheureusement;13;adv
là_bas;13;adv
langage;13;nom
joseph;13;nom
joliment;13;adv
impatience;13;nom
hôte;13;nom
hâter;13;ver
gage;13;nom
frais;13;adj
fourline;13;nr
existence;13;nom
espérance;13;nom
enfoncer;13;ver
employer;13;ver
effrayer;13;ver
démarche;13;nom
diriger;13;ver
curiosité;13;nom
cruel;13;adj
croiser;13;ver
conserver;13;ver
confier;13;ver
clair;13;adj
chasse;13;nom
burette;13;nom
bouger;13;ver
autrement;13;adv
ardent;13;adj
ambitieux;13;adj
accompagner;13;ver
accabler;13;ver
éventail;12;nom
étude;12;nom
épouser;12;ver
élève;12;nom
élevé;12;adj
éclairé;12;adj
tristesse;12;nom
serrer;12;ver
semaine;12;nom
rivière;12;nom
renverser;12;ver
recherche;12;nom
pégriotte;12;nr
propre;12;adj
prix;12;nom
physique;12;adj
parvenir;12;ver
nécessaire;12;adj
mouton;12;nom
mouchoir;12;nom
motif;12;nom
mener;12;ver
lutte;12;nom
lapin;12;nom
langue;12;nom
juger;12;ver
joindre;12;ver
humide;12;adj
habitation;12;nom
guère;12;adv
grossier;12;adj
geste;12;nom
gentil;12;adj
garnir;12;ver
françois;12;nr
flatter;12;ver
examiner;12;ver
ennemi;12;nom
emmener;12;ver
douceur;12;nom
doigt;12;nom
croix;12;nom
chouriner;12;nr
cas;12;nom
calme;12;nom
boeuf;12;nom
bizarre;12;adj
aventure;12;nom
assassiner;12;ver
apparence;12;nom
anxiété;12;nom
amoureux;12;adj
accorder;12;ver
abri;12;nom
ôter;11;ver
échafaud;11;nom
vêtement;11;nom
voyage;11;nom
village;11;nom
vigoureux;11;adj
vaste;11;adj
tressaillir;11;ver
terminer;11;ver
terme;11;nom
suffire;11;ver
soupçon;11;nom
seyton;11;nr
sentiment;11;nom
secours;11;nom
rosier;11;nom
rez_de_chaussée;11;nom
retomber;11;ver
renoncer;11;ver
remords;11;nom
remercier;11;ver
redouter;11;ver
reculer;11;ver
punition;11;nom
précipiter;11;ver
prononcer;11;ver
pourpre;11;adj
poignard;11;nom
plaire;11;ver
pays;11;nom
particulier;11;adj
ouverture;11;nom
orgueil;11;nom
mélancolie;11;nom
midi;11;nom
merveille;11;nom
lueur;11;nom
livrer;11;ver
lentement;11;adv
jacques;11;nom
impression;11;nom
hausser;11;ver
guérir;11;ver
fureur;11;nom
fauteuil;11;nom
fatal;11;adj
exposer;11;ver
excuser;11;ver
essayer;11;ver
ensemble;11;adv
enlever;11;ver
effort;11;nom
délicat;11;adj
douleur;11;nom
doublet;11;nom
couronne;11;nom
contenir;11;ver
chauffer;11;ver
carreau;11;nom
brûler;11;ver
brillant;11;adj
botte;11;nom
bord;11;nom
avenir;11;nom
avance;11;nom
assassin;11;nom
ambition;11;nom
agent;11;nom
admirable;11;adj
abuser;11;ver
absolument;11;adv
étroit;10;adj
élever;10;ver
égorger;10;ver
écossais;10;adj
ç;10;nr
visite;10;nom
ville;10;nom
vice;10;nom
vengeance;10;nom
velours;10;nom
tristement;10;adv
trace;10;nom
terreur;10;nom
tendrement;10;adv
séjour;10;nom
svelte;10;adj
seuil;10;nom
salle;10;nom
saisir;10;ver
saignant;10;adj
régner;10;ver
réfléchir;10;ver
rude;10;adj
ridicule;10;adj
revoir;10;ver
retraite;10;nom
reprocher;10;ver
remonter;10;ver
rapidement;10;adv
rapide;10;adj
prêt;10;adj
pré;10;nom
principe;10;nom
preuve;10;nom
planteur;10;nom
peau;10;nom
parfaire;10;ver
ordonner;10;ver
noyer;10;ver
notre_dame;10;nom
ménager;10;nom
murmurer;10;ver
moustache;10;nom
militaire;10;adj
magnifique;10;adj
légèrement;10;adv
louange;10;nom
loi;10;nom
joyeux;10;adj
jaune;10;adj
important;10;adj
grec;10;nom
gravement;10;adv
fête;10;nom
furieux;10;adj
formidable;10;adj
ferrand;10;nr
exercer;10;ver
emporter;10;ver
douer;10;ver
dissimuler;10;ver
denis;10;nr
crâne;10;nom
cours;10;nom
coupable;10;adj
conseil;10;nom
circonstance;10;nom
chemise;10;nom
chasser;10;ver
casser;10;ver
bouteille;10;nom
blesser;10;ver
avis;10;nom
avantage;10;nom
attentivement;10;adv
admiration;10;nom
accent;10;nom
abominable;10;adj
événement;9;nom
étonnant;9;adj
époux;9;nom
émouvoir;9;ver
élégant;9;adj
élysées;9;nr
éducation;9;nom
échanger;9;ver
éblouissant;9;adj
vérité;9;nom
voie;9;nom
vivement;9;adv
vitre;9;nom
violence;9;nom
vent;9;nom
type;9;nom
trembler;9;ver
traverser;9;ver
train;9;nom
tellement;9;adv
teint;9;nom
surmonter;9;ver
supporter;9;ver
stupide;9;adj
souffler;9;ver
somme;9;nom
signifier;9;ver
secourir;9;ver
ressource;9;nom
respecter;9;ver
regret;9;nom
ramener;9;ver
propriété;9;nom
proposition;9;nom
poser;9;ver
poitrine;9;nom
plaisanter;9;ver
pieux;9;adj
perruque;9;nom
paisible;9;adj
oeuvre;9;nom
obtenir;9;ver
nature;9;nom
naissance;9;nom
mêler;9;ver
mèche;9;nom
morel;9;nr
monnaie;9;nom
modèle;9;nom
meurtre;9;nom
menton;9;nom
marché;9;nom
malin;9;adj
machinalement;9;adv
lâcher;9;ver
là_dessus;9;adv
livre;9;nom
jurer;9;ver
jouir;9;ver
honorable;9;adj
glace;9;nom
galerie;9;nom
fréquenter;9;ver
francoeur;9;nr
franchement;9;adv
four;9;nom
forçat;9;nom
fortune;9;nom
figurer;9;ver
favori;9;adj
engager;9;ver
enfance;9;nom
déranger;9;ver
dépêcher;9;ver
délicatesse;9;nom
décider;9;ver
distinguer;9;ver
demeurer;9;ver
courrier;9;nom
conversation;9;nom
contempler;9;ver
composer;9;ver
complice;9;nom
collet;9;nom
clef;9;nom
choisir;9;ver
cesser;9;ver
broc;9;nom
briser;9;ver
bourreau;9;nom
bouche;9;nom
borel;9;nr
aumône;9;nom
augmenter;9;ver
attirer;9;ver
arlequin;9;nom
argot;9;nom
affection;9;nom
absence;9;nom
éviter;8;ver
évader;8;ver
étouffer;8;ver
étendre;8;ver
établir;8;ver
énergie;8;nom
écailler;8;nom
walter;8;nom
vraiment;8;adv
vertu;8;nom
valet;8;nom
tâche;8;nom
troisième;8;adj
trahir;8;ver
toit;8;nom
toile;8;nom
tantôt;8;adv
stupéfait;8;adj
stupeur;8;nom
soupir;8;nom
soulever;8;ver
sortie;8;nom
sommeil;8;nom
solennel;8;adj
soigneusement;8;adv
soigner;8;ver
servant;8;nom
secouer;8;ver
sec;8;adj
sage;8;adj
résultat;8;nom
résoudre;8;ver
répandre;8;ver
réduire;8;ver
roux;8;nom
rochefort;8;nr
robuste;8;adj
risque;8;nom
rincer;8;ver
rideau;8;nom
repos;8;nom
renfermer;8;ver
redingote;8;nom
recueillir;8;ver
reconnaissant;8;adj
recommencer;8;ver
rat;8;nom
ramasser;8;ver
raisonnable;8;adj
quart;8;nom
quai;8;nom
pénible;8;adj
prétention;8;nom
promener;8;ver
principal;8;adj
prairie;8;nom
pont;8;nom
police;8;nom
plonger;8;ver
pistolet;8;nom
pavé;8;nom
patte;8;nom
palais;8;nom
ordinairement;8;adv
ordinaire;8;adj
obscur;8;adj
nuance;8;nom
mépris;8;nom
mortel;8;adj
mordre;8;ver
mission;8;nom
mesure;8;nom
massif;8;adj
mansarde;8;nom
maladie;8;nom
mac;8;nom
livide;8;adj
lait;8;nom
juge;8;nom
jaloux;8;adj
involontaire;8;adj
innocent;8;adj
informer;8;ver
infamie;8;nom
importer;8;ver
importance;8;nom
honteux;8;adj
hauteur;8;nom
gregor;8;nr
goubin;8;nr
germanique;8;adj
fève;8;nom
fuir;8;ver
fruit;8;nom
foule;8;nom
fossé;8;nom
fonds;8;nom
folie;8;nom
flatterie;8;nom
flacon;8;nom
expiation;8;nom
exemple;8;nom
espoir;8;nom
entretenir;8;ver
empoigner;8;ver
effroyable;8;adj
effacer;8;ver
désespéré;8;adj
désespoir;8;nom
dépendre;8;ver
déjeuner;8;nom
déguiser;8;ver
découverte;8;nom
débarrasser;8;ver
durer;8;ver
doublement;8;adv
double;8;adj
doré;8;adj
distinction;8;nom
discrétion;8;nom
différent;8;adj
difficile;8;adj
céder;8;ver
criminel;8;nom
conseiller;8;ver
condition;8;nom
condamner;8;ver
cire;8;nom
chéri;8;nom
calmer;8;ver
cachot;8;nom
but;8;nom
bouqueval;8;nr
bienveillance;8;nom
barrière;8;nom
barbe;8;nom
aversion;8;nom
audacieux;8;adj
attachement;8;nom
appartement;8;nom
anastasie;8;nr
ambassade;8;nom
allemagne;8;nom
agréable;8;adj
accuser;8;ver
absurde;8;adj
abattre;8;ver
étranger;7;adj
éteindre;7;ver
écu;7;nom
écraser;7;ver
écorce;7;nom
écarter;7;ver
voile;7;nom
vicomte;7;nom
veiller;7;ver
vaincre;7;ver
vache;7;nom
union;7;nom
tuerie;7;nom
tromblon;7;nom
tremper;7;ver
tremblant;7;adj
treillage;7;nom
tournure;7;nom
tournemine;7;nr
touchant;7;adj
titre;7;nom
tempe;7;nom
séraphin;7;nom
suspendre;7;ver
supplier;7;ver
souricière;7;nom
soupçonner;7;ver
souffrance;7;nom
soldat;7;nom
sol;7;nom
seigneur;7;nom
salutaire;7;adj
sacré;7;adj
rôle;7;nom
révolte;7;nom
réveiller;7;ver
réserve;7;nom
réponse;7;nom
réalité;7;nom
rouler;7;ver
roi;7;nom
redoubler;7;ver
recouvrir;7;ver
recommander;7;ver
rayon;7;nom
ravir;7;ver
raillerie;7;nom
qualité;7;nom
pâleur;7;nom
punir;7;ver
préparer;7;ver
précaution;7;nom
promesse;7;nom
produire;7;ver
pressentiment;7;nom
poursuivre;7;ver
portée;7;nom
portant;7;adj
plat;7;adj
planter;7;ver
perte;7;nom
pensif;7;adj
panier;7;nom
paire;7;nom
paille;7;nom
orange;7;nom
ombre;7;nom
odeur;7;nom
obscurité;7;nom
nu;7;adj
note;7;nom
nombre;7;nom
naître;7;ver
naturellement;7;adv
métis;7;adj
méchanceté;7;nom
muraille;7;nom
meuble;7;nom
merveilleux;7;adj
menaçant;7;adj
lumière;7;nom
lorrain;7;adj
loger;7;ver
lanterne;7;nom
ivresse;7;nom
irrésistible;7;adj
intention;7;nom
intendant;7;nom
instruit;7;adj
instruction;7;nom
inquiet;7;adj
infâme;7;adj
infortune;7;nom
ineffable;7;adj
indigne;7;adj
indignation;7;nom
incroyable;7;adj
impérieux;7;adj
imagination;7;nom
hésitation;7;nom
héros;7;nom
générosité;7;nom
gaieté;7;nom
futur;7;adj
funeste;7;adj
froidement;7;adv
former;7;ver
flétrir;7;ver
fidèle;7;adj
feuillage;7;nom
fauve;7;nom
fatiguer;7;ver
facilement;7;adv
facile;7;adj
extrémité;7;nom
exister;7;ver
exact;7;adj
europe;7;nr
entreprise;7;nom
enragé;7;adj
enchanteur;7;nom
embarrassé;7;adj
effroi;7;nom
dévouement;7;nom
développer;7;ver
désir;7;nom
dépenser;7;ver
déclarer;7;ver
débattre;7;ver
dresser;7;ver
distance;7;nom
dimanche;7;nom
dignité;7;nom
deuil;7;nom
dessiner;7;ver
danser;7;ver
cuisine;7;nom
croissant;7;nom
couple;7;nom
couler;7;ver
conscience;7;nom
confédération;7;nom
confus;7;adj
confondre;7;ver
combler;7;ver
colonel;7;nom
classe;7;nom
clarté;7;nom
chambellan;7;nom
caveau;7;nom
cassis;7;nom
brutal;7;adj
bouquet;7;nom
boue;7;nom
blancheur;7;nom
badinot;7;nr
appui;7;nom
animer;7;ver
angleterre;7;nom
amer;7;adj
allumer;7;ver
allemand;7;adj
agiter;7;ver
affirmer;7;ver
adorer;7;ver
achever;7;ver
accomplir;7;ver
abîme;7;nom
étoffe;6;nom
étendue;6;nom
épouvante;6;nom
énergique;6;adj
élégance;6;nom
éloignement;6;nom
égard;6;nom
écriture;6;nom
économiser;6;ver
âgé;6;adj
véritable;6;adj
vouer;6;ver
violemment;6;adv
vilain;6;adj
valeur;6;nom
vague;6;nom
utilité;6;nom
témoigner;6;ver
transparent;6;adj
tramer;6;ver
tigre;6;nom
tenue;6;nom
tapissier;6;nom
tablier;6;nom
tabac;6;nom
sévère;6;adj
sérieusement;6;adv
séparer;6;ver
surveiller;6;ver
supérieur;6;adj
supplice;6;nom
souterrain;6;adj
sot;6;nom
soirée;6;nom
sir;6;nom
semblable;6;adj
savant;6;nom
saurer;6;ver
satisfaction;6;nom
sang_froid;6;nom
saillant;6;adj
sacrilège;6;nom
sacrifier;6;ver
sac;6;nom
rêver;6;ver
révélation;6;nom
résolution;6;nom
résigner;6;ver
répugnance;6;nom
récemment;6;adv
réaliser;6;ver
ruse;6;nom
ruban;6;nom
ronger;6;ver
rompre;6;ver
rhumatisme;6;nom
représenter;6;ver
remarquable;6;adj
rassembler;6;ver
péril;6;nom
puissant;6;adj
puissance;6;nom
prédiction;6;nom
providence;6;nom
propriétaire;6;nom
presser;6;ver
port;6;nom
pont_neuf;6;nom
plâtre;6;nom
plante;6;nom
piquer;6;ver
pile;6;nom
pigeon;6;nom
perçant;6;adj
persienne;6;nom
perroquet;6;nom
perle;6;nom
penchant;6;nom
passionner;6;ver
passage;6;nom
paquet;6;nom
ouvert;6;adj
ongle;6;nom
obstacle;6;nom
observation;6;nom
négligemment;6;adv
nourrir;6;ver
nombreux;6;adj
métairie;6;nom
mâle;6;nom
musette;6;nom
moquer;6;ver
moeurs;6;nom
modestement;6;adv
mentir;6;ver
martyriser;6;ver
là_haut;6;adv
loup;6;nom
logis;6;nom
lieue;6;nom
lier;6;ver
lien;6;nom
liberté;6;nom
irriter;6;ver
involontairement;6;adv
inutile;6;adj
introduire;6;ver
instruire;6;ver
insolent;6;adj
inquiétude;6;nom
inquiéter;6;ver
infernal;6;adj
incognito;6;adv
imposer;6;ver
immobile;6;adj
hôpital;6;nom
humeur;6;nom
halsbury;6;nr
grain;6;nom
gorge;6;nom
gilet;6;nom
gardien;6;nom
gaillard;6;nom
férocité;6;nom
fusil;6;nom
flatteur;6;adj
excès;6;nom
exciter;6;ver
estimer;6;ver
essuyer;6;ver
espagne;6;nr
enfer;6;nom
embarras;6;nom
dîner;6;nom
dégoût;6;nom
défenseur;6;nom
dédain;6;nom
débardeur;6;nom
dormir;6;ver
destinée;6;nom
dessein;6;nom
degré;6;nom
coûter;6;ver
courant;6;nom
convulsivement;6;adv
contrainte;6;nom
contracter;6;ver
confusion;6;nom
compassion;6;nom
commun;6;adj
commisération;6;nom
commerce;6;nom
commander;6;ver
cocotte;6;nom
ciseau;6;nom
châtain;6;adj
cheminée;6;nom
chaste;6;adj
charte;6;nom
chaise;6;nom
bûche;6;nom
bêtise;6;nom
bourse;6;nom
boucher;6;nom
borne;6;nom
bonjour;6;nom
bestiau;6;nom
au_devant;6;adv
athlétique;6;adj
aspect;6;nom
arranger;6;ver
armée;6;nom
après_demain;6;adv
apparaître;6;ver
antre;6;nom
animal;6;nom
américain;6;nom
amusant;6;adj
aff;6;nr
admirer;6;ver
acte;6;nom
accourir;6;ver
abattoir;6;nom
île;5;nom
évidence;5;nom
éprendre;5;ver
épanouir;5;ver
ému;5;adj
élancer;5;ver
ébruiter;5;ver
voûte;5;nom
voeu;5;nom
vivant;5;adj
vitriol;5;nom
vierge;5;nom
veste;5;nom
verser;5;ver
vermeil;5;adj
vaguement;5;adv
utiliser;5;ver
utile;5;adj
témoin;5;nom
tournant;5;nom
torrent;5;nom
thomas;5;nom
taureau;5;nom
tas;5;nom
talent;5;nom
surnom;5;nom
suprême;5;adj
superbe;5;adj
spirituel;5;adj
soulier;5;nom
souffrant;5;adj
sonore;5;adj
soif;5;nom
siège;5;nom
singulièrement;5;adv
signer;5;ver
serviteur;5;nom
semblant;5;nom
sein;5;nom
scrupule;5;nom
sauveur;5;nom
sanguinaire;5;adj
sagement;5;adv
sabot;5;nom
révolter;5;ver
réunir;5;ver
réfugier;5;ver
récompense;5;nom
ruelle;5;nom
rudement;5;adv
risquer;5;ver
revêtir;5;ver
respirer;5;ver
respectueusement;5;adv
respectable;5;adj
renvoyer;5;ver
remuer;5;ver
remplacer;5;ver
religieux;5;adj
relation;5;nom
relatif;5;adj
reine;5;nom
regagner;5;ver
redoutable;5;adj
rechercher;5;ver
ravissant;5;adj
raser;5;ver
rang;5;nom
radieux;5;adj
raclée;5;nom
queue;5;nom
prétexte;5;nom
préférer;5;ver
précieux;5;adj
promenade;5;nom
progrès;5;nom
poétique;5;adj
potion;5;nom
possession;5;nom
pomme;5;nom
politesse;5;nom
poisson;5;nom
poignet;5;nom
poids;5;nom
plumet;5;nom
pli;5;nom
plan;5;nom
pipe;5;nom
peuple;5;nom
pesant;5;adj
paysan;5;nom
paysage;5;nom
passant;5;nom
parier;5;ver
pantalon;5;nom
pan;5;nom
orient;5;nom
obéir;5;ver
observatoire;5;nom
nécessairement;5;adv
numéro;5;nom
nuire;5;ver
nouer;5;ver
noce;5;nom
neige;5;nom
naïveté;5;nom
mépriser;5;ver
mélancolique;5;adj
mystère;5;nom
mousse;5;nom
mourant;5;adj
moralité;5;nom
montfaucon;5;nr
modeste;5;adj
miroir;5;nom
minuit;5;nom
ministre;5;nom
meurtrier;5;nom
maîtresse;5;nom
maudit;5;adj
masque;5;nom
marche;5;nom
manteau;5;nom
manigancer;5;ver
manifester;5;ver
manche;5;nom
malade;5;adj
luxe;5;nom
lointain;5;adj
linge;5;nom
libérer;5;ver
laine;5;nom
karl;5;nr
joint;5;adj
janvier;5;nom
ironie;5;nom
intime;5;adj
interroger;5;ver
innombrable;5;adj
infortuné;5;adj
information;5;nom
inde;5;nom
imposant;5;adj
immonde;5;adj
imaginer;5;ver
illusion;5;nom
ignoble;5;adj
hésiter;5;ver
hypocrite;5;nom
humain;5;adj
horizon;5;nom
harneim;5;nr
habituel;5;adj
habileté;5;nom
habile;5;adj
guirlande;5;nom
gravité;5;nom
gravir;5;ver
gras;5;adj
goûter;5;ver
fâcheux;5;adj
frémir;5;ver
frayeur;5;nom
fonder;5;ver
fleurir;5;ver
fixer;5;ver
faveur;5;nom
faucher;5;ver
fange;5;nom
fait;5;nom
faillir;5;ver
faiblesse;5;nom
fagot;5;nom
exquis;5;adj
exprès;5;adj
explication;5;nom
expier;5;ver
excursion;5;nom
escarpe;5;nr
entraîner;5;ver
entièrement;5;adv
enseigner;5;ver
encadrer;5;ver
emploi;5;nom
dévorer;5;ver
détruire;5;ver
détacher;5;ver
désormais;5;adv
désordre;5;nom
désert;5;adj
désagréable;5;adj
déposer;5;ver
déployer;5;ver
dénoncer;5;ver
domestique;5;nom
distraire;5;ver
distingué;5;adj
dissiper;5;ver
difficilement;5;adv
destiner;5;ver
demi_heure;5;nom
daim;5;nom
crânement;5;adv
cristal;5;nom
creux;5;adj
creuser;5;ver
craintif;5;adj
cousin;5;nom
courroucer;5;ver
coudre;5;ver
convulsif;5;adj
convaincre;5;ver
contraster;5;ver
contrarier;5;ver
compromettre;5;ver
compagnie;5;nom
commode;5;adj
commencement;5;nom
collier;5;nom
chute;5;nom
chourinais;5;nr
choix;5;nom
chevelure;5;nom
chauve;5;adj
chat;5;nom
charitable;5;adj
chance;5;nom
cercle;5;nom
cavalier;5;nom
carré;5;adj
caisse;5;nom
cacheter;5;ver
cabas;5;nom
bureau;5;nom
broder;5;ver
boucherie;5;nom
bonsoir;5;nom
bienfait;5;nom
bel;5;adj
attrister;5;ver
attraper;5;ver
attitude;5;nom
atteindre;5;ver
attaquer;5;ver
attabler;5;ver
assiette;5;nom
armer;5;ver
arme;5;nom
après_de;5;nr
appétit;5;nom
anéantir;5;ver
anneau;5;nom
angoisse;5;nom
angle;5;nom
amèrement;5;adv
amertume;5;nom
amant;5;nom
altérer;5;ver
albinos;5;adj
aigu;5;adj
affreusement;5;adv
adversaire;5;nom
adroit;5;adj
adieu;5;nom
adam;5;nr
aboyer;5;ver
évasion;4;nom
étourdir;4;ver
étourdi;4;adj
étinceler;4;ver
étincelant;4;adj
éternel;4;adj
étau;4;nom
épargner;4;ver
émail;4;nom
éclater;4;ver
éclatant;4;adj
échelle;4;nom
volupté;4;nom
volonté;4;nom
voiler;4;ver
vigueur;4;nom
vieil;4;adj
vider;4;ver
verdure;4;nom
ventre;4;nom
velu;4;adj
vainqueur;4;nom
vacant;4;adj
usage;4;nom
unique;4;adj
ténébreux;4;adj
turc;4;adj
trotter;4;ver
tronc;4;nom
triomphe;4;nom
tribunal;4;nom
tremblement;4;nom
trappe;4;nom
tranquillité;4;nom
tranchant;4;adj
traiter;4;ver
tourmenter;4;ver
torturer;4;ver
tolérer;4;ver
timide;4;adj
tenaille;4;nom
tambour;4;nom
talisman;4;nom
sûrement;4;adv
sérénité;4;nom
séduire;4;ver
séduction;4;nom
sursaut;4;nom
supposition;4;nom
subit;4;adj
subir;4;ver
store;4;nom
spectacle;4;nom
soumettre;4;ver
souiller;4;ver
sottise;4;nom
sordide;4;adj
sommeiller;4;ver
sincèrement;4;adv
simplicité;4;nom
silencieux;4;adj
signalement;4;nom
serré;4;adj
semer;4;ver
seine;4;nom
scandale;4;nom
satisfaisant;4;adj
satiné;4;adj
satin;4;nom
saluer;4;ver
salade;4;nom
saison;4;nom
saint_esprit;4;nom
rôder;4;ver
révéler;4;ver
révolution;4;nom
réussir;4;ver
résulter;4;ver
résistance;4;nom
régler;4;ver
réellement;4;adv
réel;4;adj
réchauffer;4;ver
règle;4;nom
rustique;4;adj
royal;4;adj
ronde;4;nom
roide;4;adj
rogomiste;4;nr
revers;4;nom
retentir;4;ver
respectueux;4;adj
repoussant;4;adj
reposer;4;ver
repartir;4;ver
repaire;4;nom
rente;4;nom
rempli;4;adj
remise;4;nom
regimber;4;ver
refroidir;4;ver
reflet;4;nom
refermer;4;ver
redoublement;4;nom
redescendre;4;ver
recommandation;4;nom
rapprocher;4;ver
rangée;4;nom
ranger;4;ver
rancune;4;nom
rabattre;4;ver
quinquet;4;nom
quatrième;4;adj
quantité;4;nom
puits;4;nom
prévoir;4;ver
présentation;4;nom
préoccuper;4;ver
prunelle;4;nom
providentiel;4;adj
protecteur;4;nom
propreté;4;nom
profil;4;nom
probablement;4;adv
prière;4;nom
prisonnier;4;adj
pourvoir;4;ver
poursuite;4;nom
pouce;4;nom
poissy;4;nr
poire;4;nom
planche;4;nom
piété;4;nom
piège;4;nom
pincer;4;ver
pierrefitte;4;nr
persister;4;ver
perron;4;nom
perpétuité;4;nom
permission;4;nom
percer;4;ver
patience;4;nom
parvis;4;nom
parapluie;4;nom
paradis;4;nom
palier;4;nom
osier;4;nom
ornement;4;nom
opposé;4;adj
opposer;4;ver
opiniâtre;4;adj
oisif;4;nom
oiseau;4;nom
odieux;4;adj
objet;4;nom
nuage;4;nom
nouvel;4;adj
nourriture;4;nom
nourrice;4;nom
nerveux;4;adj
naïvement;4;adv
mûr;4;adj
môme;4;nom
mémoire;4;nom
médecine;4;nom
mufle;4;nom
muet;4;adj
moralement;4;adv
montant;4;nom
milord;4;nom
millionnaire;4;adj
meublé;4;adj
menacer;4;ver
megs;4;nr
meg;4;nr
maudire;4;ver
marchander;4;ver
marbre;4;nom
mander;4;ver
magnifiquement;4;adv
magique;4;adj
là_dedans;4;adv
lutter;4;ver
lustrer;4;ver
lugubre;4;adj
lourd;4;adj
liard;4;nom
laporte;4;nr
lapis_lazuli;4;nom
laiterie;4;nom
laborieux;4;adj
judith;4;nr
jonc;4;nom
jeu;4;nom
jalousie;4;nom
italien;4;adj
investigation;4;nom
intéressant;4;adj
intermédiaire;4;nom
intelligent;4;adj
insu;4;nom
instrument;4;nom
instance;4;nom
insouciance;4;nom
insister;4;ver
insensé;4;adj
infect;4;adj
indécent;4;adj
indiquer;4;ver
indignement;4;adv
indice;4;nom
index;4;nom
impénétrable;4;adj
impitoyable;4;adj
impatient;4;adj
impassible;4;adj
imiter;4;ver
héritier;4;nom
hâte;4;nom
humble;4;adj
hardi;4;adj
haillon;4;nom
habitant;4;nom
généralement;4;adv
gâter;4;ver
gustave;4;nr
grêle;4;nom
grotesque;4;adj
grimper;4;ver
grenier;4;nom
gracieux;4;adj
gracieusement;4;adv
gouvernante;4;nom
gonfler;4;ver
gond;4;nom
glisser;4;ver
glacé;4;adj
gaiement;4;adv
fâcher;4;ver
frémissant;4;adj
fruitier;4;adj
friture;4;nom
français;4;nom
foyer;4;nom
fourrer;4;ver
forêt;4;nom
forteresse;4;nom
forme;4;nom
forfanterie;4;nom
flamber;4;ver
flambant;4;adj
fixe;4;adj
finesse;4;nom
finalement;4;adv
fil;4;nom
festonner;4;ver
feindre;4;ver
faîte;4;nom
fantastique;4;adj
familier;4;adj
facteur;4;nom
extraordinaire;4;adj
exclamation;4;nom
excessif;4;adj
exaspérer;4;ver
examen;4;nom
exaltation;4;nom
exagérer;4;ver
estomac;4;nom
entrevue;4;nom
entraînement;4;nom
entier;4;adj
ennuyer;4;ver
enfermer;4;ver
endurcir;4;ver
endormir;4;ver
encourager;4;ver
emprunter;4;ver
emparer;4;ver
embranchement;4;nom
embonpoint;4;nom
embarrasser;4;ver
dévaliser;4;ver
détestable;4;adj
désigner;4;ver
dérober;4;ver
démon;4;nom
démolition;4;nom
démolir;4;ver
dégoûter;4;ver
déférence;4;nom
défaut;4;nom
déclaration;4;nom
décidément;4;adv
déchirer;4;ver
drap;4;nom
doubler;4;ver
douairier;4;nom
disposer;4;ver
dicter;4;ver
diamant;4;nom
diabolique;4;adj
devineur;4;nom
dette;4;nom
dentiste;4;nom
côtelette;4;nom
crêpe;4;nom
créole;4;adj
cruauté;4;nom
crisper;4;ver
couturer;4;ver
court;4;adj
course;4;nom
couronner;4;ver
courageux;4;adj
couper;4;ver
costume;4;nom
corriger;4;ver
correspondant;4;nom
corde;4;nom
cor;4;nom
coquetterie;4;nom
contrefaire;4;ver
continu;4;adj
constitution;4;nom
consoler;4;ver
consacrer;4;ver
concierge;4;nom
concevoir;4;ver
compléter;4;ver
complot;4;nom
combattre;4;ver
cigare;4;nom
chérubin;4;nom
château;4;nom
chef;4;nom
chaussure;4;nom
chausser;4;ver
chantier;4;nom
chagriner;4;ver
casquette;4;nom
campagnard;4;adj
camp;4;nom
calomnie;4;nom
bénit;4;adj
bruyant;4;adj
brusque;4;adj
brick;4;nom
brebis;4;nom
branche;4;nom
boîte;4;nom
boutonnière;4;nom
bouton;4;nom
bourru;4;adj
boulanger;4;nom
bougie;4;nom
bondir;4;ver
blasphème;4;nom
bienveillant;4;adj
bec;4;nom
basse_cour;4;nom
barbare;4;nom
banquier;4;nom
banc;4;nom
balancer;4;ver
baiser;4;ver
aussitôt;4;adv
auguste;4;adj
audace;4;nom
attrayant;4;adj
attente;4;nom
assister;4;ver
asile;4;nom
artiste;4;nom
art;4;nom
arpion;4;nom
ardemment;4;adv
appliquer;4;ver
apparent;4;adj
amérique;4;nom
aisance;4;nom
aimable;4;adj
affectueux;4;adj
affecter;4;ver
admettre;4;ver
actuellement;4;adv
acquérir;4;ver
acquitter;4;ver
accueillir;4;ver
évanouir;3;ver
étrangler;3;ver
étoilé;3;adj
étoile;3;nom
étiquette;3;nom
étain;3;nom
établissement;3;nom
étable;3;nom
épreuve;3;nom
épouvanter;3;ver
époque;3;nom
épars;3;adj
émeraude;3;nom
éloi;3;nr
élan;3;nom
égoïste;3;adj
égaré;3;adj
égarer;3;ver
écurie;3;nom
économie;3;nom
éclaircir;3;ver
écho;3;nom
âne;3;nom
xv;3;nr
watteau;3;nr
vétusté;3;nom
véritablement;3;adv
vénérable;3;adj
vulgairement;3;adv
vulgaire;3;adj
voûté;3;adj
voyageur;3;nom
voluptueux;3;adj
vocation;3;nom
vitré;3;adj
vision;3;nom
virer;3;ver
violon;3;nom
vert_de_gris;3;adj
varié;3;adj
vanité;3;nom
valse;3;nom
vaillant;3;adj
vagabonder;3;ver
ténèbres;3;nom
trésor;3;nom
troupier;3;nom
troupe;3;nom
trempe;3;nom
trapu;3;adj
transporter;3;ver
transformer;3;ver
tracer;3;ver
tousser;3;ver
touffe;3;nom
tortue;3;nom
tordre;3;ver
toilette;3;nom
tigrer;3;ver
tentative;3;nom
tentation;3;nom
teinte;3;nom
taper;3;ver
talon;3;nom
sûreté;3;nom
sévèrement;3;adv
séant;3;nom
symptôme;3;nom
sympathique;3;adj
sympathie;3;nom
symbolique;3;adj
susceptible;3;adj
surveillance;3;nom
surnommer;3;ver
supériorité;3;nom
superstitieux;3;adj
suffisamment;3;adv
succéder;3;ver
succès;3;nom
soûl;3;adj
souplesse;3;nom
soulager;3;ver
sou;3;nom
sonnette;3;nom
sixième;3;adj
singe;3;nom
sincère;3;adj
significatif;3;adj
signaler;3;ver
serrure;3;nom
serra;3;nom
sensuel;3;adj
sensible;3;adj
secrètement;3;adv
secondaire;3;adj
science;3;nom
sanglot;3;nom
sanglant;3;adj
salir;3;ver
salaire;3;nom
saisissant;3;adj
sain;3;adj
rêverie;3;nom
réverbère;3;nom
réticence;3;nom
résidence;3;nom
réseau;3;nom
réputation;3;nom
réjouir;3;ver
régulier;3;adj
régularité;3;nom
réfléchi;3;adj
rédemption;3;nom
récompenser;3;ver
rusé;3;adj
ruiner;3;ver
roulant;3;adj
rougeâtre;3;adj
rosière;3;nom
rixe;3;nom
ridé;3;adj
ricaner;3;ver
riant;3;adj
revirement;3;nom
restant;3;nom
repousser;3;ver
reparaître;3;ver
renseigner;3;ver
rein;3;nom
redire;3;ver
rarement;3;adv
rançonner;3;ver
railleur;3;nom
railler;3;ver
racheter;3;ver
pureté;3;nom
prêteur;3;adj
présomptif;3;adj
présage;3;nom
préférence;3;nom
précepteur;3;nom
prostituer;3;ver
proportionné;3;adj
prompt;3;adj
profession;3;nom
prodiguer;3;ver
probable;3;adj
privé;3;adj
pressentir;3;ver
presbytère;3;nom
poêle;3;nom
poésie;3;nom
poulet;3;nom
poste;3;nom
porche;3;nom
poil;3;nom
poignée;3;nom
plume;3;nom
plomb;3;nom
plaque;3;nom
plafond;3;nom
pituite;3;nom
pittoresque;3;adj
piquant;3;adj
physiquement;3;adv
perversité;3;nom
personnel;3;adj
perse;3;adj
perpétuel;3;adj
perfidement;3;adv
perdu;3;adj
pension;3;nom
pendule;3;nom
pendre;3;ver
pencher;3;ver
payant;3;adj
passionné;3;adj
paroisse;3;nom
parisien;3;adj
parfait;3;adj
paresse;3;nom
parcourir;3;ver
panoplie;3;nom
paillasse;3;nom
ovale;3;adj
orphelin;3;adj
orgueilleux;3;adj
orangé;3;adj
opération;3;nom
opinion;3;nom
officier;3;nom
notion;3;nom
nocé;3;nr
noblesse;3;nom
niveau;3;nom
nid;3;nom
nerval;3;nr
narine;3;nom
ménagement;3;nom
mélange;3;nom
médisant;3;nom
méconnaissable;3;adj
moyenne;3;nom
moutard;3;nom
morne;3;adj
moral;3;nom
montagne;3;nom
mont;3;nom
moderne;3;adj
mode;3;nom
miroiter;3;ver
mine;3;nom
millier;3;nom
messière;3;nr
merveilleusement;3;adv
mensonge;3;nom
masure;3;nom
masse;3;nom
masquer;3;ver
marquer;3;ver
mante;3;nom
manoeuvrer;3;ver
manoeuvre;3;nom
manie;3;nom
maltouze;3;nr
malicieux;3;adj
malfaiteur;3;nom
maladresse;3;nom
majestueusement;3;adv
maigre;3;adj
légèreté;3;nom
légitime;3;adj
légation;3;nom
luisant;3;adj
loyal;3;adj
louise;3;nr
longueur;3;nom
logement;3;nom
litre;3;nom
leçon;3;nom
laver;3;ver
largement;3;adv
lampe;3;nom
laid;3;adj
ladre;3;nom
laboureur;3;nom
labeur;3;nom
justifier;3;ver
jusqu_aux;3;nr
jouissance;3;nom
ivre;3;adj
ironique;3;adj
inépuisable;3;adj
invoquer;3;ver
invisible;3;adj
intérieurement;3;adv
intimité;3;nom
intimement;3;adv
interpréter;3;ver
insupportable;3;adj
inspection;3;nom
insensible;3;adj
inouï;3;adj
inoffensif;3;adj
ingratitude;3;nom
inférieur;3;adj
infliger;3;ver
inextricable;3;adj
industrie;3;nom
indifférent;3;adj
indien;3;nom
indicible;3;adj
indication;3;nom
inconvénient;3;nom
inconvenant;3;adj
incessant;3;adj
incessamment;3;adv
incapable;3;adj
imprévu;3;adj
imprudent;3;adj
improviser;3;ver
implacable;3;adj
imperceptiblement;3;adv
imperceptible;3;adj
image;3;nom
ignorant;3;adj
idiot;3;nom
identité;3;nom
héritage;3;nom
hérisser;3;ver
horriblement;3;adv
highlandaise;3;nr
herbe;3;nom
helmina;3;nr
haïr;3;ver
harde;3;nom
haleine;3;nom
habilement;3;adv
gîte;3;nom
général;3;adj
gémir;3;ver
guetter;3;ver
guerre;3;nom
guenille;3;nom
gré;3;nom
grossesse;3;nom
grisette;3;nom
grinche;3;adj
grille;3;nom
grelotter;3;ver
gratter;3;ver
grand_peine;3;adv
grand_duché;3;nom
gouvernement;3;nom
gotha;3;nom
goguenard;3;adj
glorifier;3;ver
globe;3;nom
glissant;3;adj
gigantesque;3;adj
germe;3;nom
genre;3;nom
gelée;3;nom
geler;3;ver
garnison;3;nom
garde_malade;3;nom
félicité;3;nom
féconder;3;ver
fumée;3;nom
fumier;3;nom
fumer;3;ver
frotter;3;ver
frissonner;3;ver
frimousse;3;nom
frange;3;nom
franchise;3;nom
fournir;3;ver
fouiller;3;ver
fouetter;3;ver
foudre;3;nom
fondre;3;ver
fonction;3;nom
foncer;3;ver
fonbonne;3;nr
flâner;3;ver
flotter;3;ver
fièvre;3;nom
fixement;3;adv
filer;3;ver
fichu;3;adj
fermeté;3;nom
fermage;3;nom
feignant;3;adj
fastidieux;3;adj
faste;3;adj
farouche;3;adj
farceur;3;nom
extrêmement;3;adv
exploitation;3;nom
exigence;3;nom
exercice;3;nom
exagération;3;nom
enveloppé;3;adj
envelopper;3;ver
entr;3;nr
entaille;3;nom
enseignement;3;nom
enlacer;3;ver
enfumé;3;adj
endormi;3;adj
enchaîner;3;ver
enchanté;3;adj
empresser;3;ver
empreinte;3;nom
employé;3;nom
embusqué;3;nom
embrasser;3;ver
effréné;3;adj
dévoué;3;adj
détail;3;nom
désintéressement;3;nom
désespérer;3;ver
dépasser;3;ver
démoraliser;3;ver
délivrer;3;ver
délice;3;nom
déguisement;3;nom
dégradation;3;nom
défroque;3;nom
défiance;3;nom
décorer;3;ver
décombre;3;nom
déchirant;3;adj
débouler;3;ver
dupe;3;adj
ducal;3;adj
drame;3;nom
douloureusement;3;adv
doucement;3;adv
don;3;nom
dominique;3;nr
dominer;3;ver
divin;3;adj
divan;3;nom
distraction;3;nom
disposition;3;nom
disparition;3;nom
diplomatique;3;adj
différer;3;ver
différence;3;nom
diapré;3;adj
denier;3;nom
delà;3;adv
damner;3;ver
daigner;3;ver
cynisme;3;nom
cuir;3;nom
créateur;3;nom
crème;3;nom
cruellement;3;adv
courtepointe;3;nom
coude;3;nom
corruption;3;nom
corrompre;3;ver
correspondance;3;nom
cordon;3;nom
convive;3;nom
convenance;3;nom
convenable;3;adj
contrebandier;3;nom
contenter;3;ver
considérer;3;ver
considération;3;nom
considérable;3;adj
congé;3;nom
confidence;3;nom
confiant;3;adj
confesser;3;ver
condamnation;3;nom
complet;3;adj
comble;3;nom
colossal;3;adj
coloré;3;adj
colorer;3;ver
colline;3;nom
coiffure;3;nom
coiffer;3;ver
cloison;3;nom
clochette;3;nom
clocher;3;nom
clichy;3;nr
clapotement;3;nom
civilisation;3;nom
cil;3;nom
châtaignier;3;nom
chinois;3;nom
chiffre;3;nom
chiffonnier;3;nom
cheville;3;nom
chenil;3;nom
chaufferette;3;nom
chasseur;3;nom
charrue;3;nom
charretier;3;nom
charnu;3;adj
charnier;3;nom
charité;3;nom
charbon;3;nom
chantonner;3;ver
chanson;3;nom
champêtre;3;adj
cesse;3;nom
cervelle;3;nom
ceinture;3;nom
caution;3;nom
cauchemar;3;nom
casque;3;nom
carriole;3;nom
carquois;3;nom
carotte;3;nom
caprice;3;nom
candeur;3;nom
calotte;3;nom
calice;3;nom
calculer;3;ver
cadet;3;nom
bénir;3;ver
bâton;3;nom
brûlant;3;adj
brouillard;3;nom
bronzé;3;adj
bourdonner;3;ver
boulevard;3;nom
bouledogue;3;nom
boule;3;nom
boucle;3;nom
bouchon;3;nom
bond;3;nom
boiter;3;ver
blottir;3;ver
bleuâtre;3;adj
blanchâtre;3;adj
blanchir;3;ver
bise;3;nom
bijou;3;nom
bienfaiteur;3;nom
bien_aimé;3;adj
batterie;3;nom
battant;3;nom
basque;3;nom
barre;3;nom
banque;3;nom
bandeau;3;nom
bande;3;nom
babillard;3;adj
azur;3;nom
avril;3;nom
averse;3;nom
avenant;3;adj
avare;3;adj
autorité;3;nom
automne;3;nom
au_dehors;3;adv
attendrir;3;ver
attaque;3;nom
atroce;3;adj
assommer;3;ver
artisan;3;nom
arrondir;3;ver
arrestation;3;nom
aristocratique;3;adj
araignée;3;nom
apprécier;3;ver
anselme;3;nr
annonce;3;nom
angélique;3;adj
amateur;3;nom
almanach;3;nom
alger;3;nr
aise;3;nom
aiguisé;3;adj
aigre;3;adj
agreste;3;adj
agonie;3;nom
agité;3;adj
affranchi;3;nom
affliger;3;ver
affirmatif;3;adj
affaiblir;3;ver
adroitement;3;adv
adolescent;3;nom
admirablement;3;adv
acharnement;3;nom
accrocher;3;ver
accoucher;3;ver
abîmer;3;ver
absorber;3;ver
abruti;3;nom
éventer;2;ver
éveil;2;nom
étrenner;2;ver
étourdissement;2;nom
étourdissant;2;adj
éternité;2;nom
état_major;2;nom
étalage;2;nom
éreinter;2;ver
équarisseur;2;nom
épuiser;2;ver
épouvanté;2;adj
éploré;2;adj
épisode;2;nom
épingle;2;nom
épidémie;2;nom
épaisseur;2;nom
énormité;2;nom
éminemment;2;adv
émerveiller;2;ver
élévation;2;nom
égratigner;2;ver
égoïsme;2;nom
égayer;2;ver
édifier;2;ver
écru;2;adj
écouen;2;nr
écosser;2;ver
écorcher;2;ver
écoeurer;2;ver
éclaircissement;2;nom
éclair;2;nom
échange;2;nom
ébène;2;nom
ébranler;2;ver
éblouissement;2;nom
ébahir;2;ver
zèle;2;nom
zig;2;nom
yorkshire;2;nom
xiv;2;nr
warner;2;nr
vénérer;2;ver
vélu;2;nr
végétal;2;nom
vraisemblable;2;adj
voyager;2;ver
volet;2;nom
vocabulaire;2;nom
visée;2;nom
virginal;2;adj
vigilant;2;adj
vide;2;adj
victorieusement;2;adv
vexer;2;ver
vestibule;2;nom
vertige;2;nom
vermoulu;2;adj
verdâtre;2;adj
vente;2;nom
velouté;2;nom
velouter;2;ver
veillée;2;nom
veau;2;nom
vase;2;nom
vaillamment;2;adv
vagabond;2;nom
user;2;ver
unir;2;ver
témoignage;2;nom
tutoyer;2;ver
turban;2;nom
tumulte;2;nom
tuile;2;nom
trôner;2;ver
trône;2;nom
trébucher;2;ver
troupeau;2;nom
troubler;2;ver
trouble;2;nom
tropique;2;nom
trompette;2;nom
triompher;2;ver
triomphant;2;adj
traîner;2;ver
transport;2;nom
traitement;2;nom
traduire;2;ver
tradition;2;nom
toux;2;nom
tourbillon;2;nom
tourbe;2;nom
tortiller;2;ver
toquante;2;nom
tombant;2;adj
timidement;2;adv
tiers;2;nom
théorie;2;nom
terrasser;2;ver
terrain;2;nom
tendu;2;adj
tendresse;2;nom
taudis;2;nom
tapir;2;ver
tanière;2;nom
tambour_major;2;nom
tailler;2;ver
tact;2;nom
tache;2;nom
sérénissime;2;adj
susceptibilité;2;nom
surin;2;nom
surface;2;nom
support;2;nom
superflu;2;adj
sultan;2;nom
suisse;2;adj
sueur;2;nom
subitement;2;adv
suave;2;adj
stérile;2;adj
stylet;2;nom
spéculation;2;nom
splendidement;2;adv
splendide;2;adj
splendeur;2;nom
spectre;2;nom
soyeux;2;adj
soutien;2;nom
soutane;2;nom
source;2;nom
soupçonneux;2;adj
souple;2;adj
soulèvement;2;nom
souhaiter;2;ver
soufre;2;nom
sommet;2;nom
sollicitude;2;nom
solitude;2;nom
solidement;2;adv
solide;2;adj
solidarité;2;nom
sobre;2;adj
simplement;2;adv
similor;2;nom
sillonner;2;ver
siffler;2;ver
serviable;2;adj
serpent;2;nom
serment;2;nom
seoir;2;ver
sentier;2;nom
senteur;2;nom
sensé;2;adj
sensualité;2;nom
secrétaire;2;nom
scélératesse;2;nom
scrupuleusement;2;adv
scientifique;2;nom
scepticisme;2;nom
sceller;2;ver
savate;2;nom
savamment;2;adv
saugrenu;2;adj
satan;2;nom
sangloter;2;ver
sangler;2;ver
sandale;2;nom
saint_germain;2;nom
sagesse;2;nom
sagacité;2;nom
rôti;2;nom
réveil;2;nom
résolument;2;adv
résolu;2;adj
résignation;2;nom
réserver;2;ver
républicain;2;adj
régulièrement;2;adv
régiment;2;nom
russie;2;nr
ruisseau;2;nom
ruine;2;nom
roussi;2;nom
roulement;2;nom
rouleau;2;nom
roucouler;2;ver
rosée;2;nom
rossignol;2;nom
rosse;2;adj
ronfler;2;ver
romanesque;2;adj
rival;2;nom
rigueur;2;nom
richard;2;adj
revenger;2;nr
revendeur;2;nom
ressort;2;nom
respiration;2;nom
repêcher;2;ver
reproduire;2;ver
reprise;2;nom
repasser;2;ver
renfermé;2;adj
renaître;2;ver
remporter;2;ver
remontrance;2;nom
remontant;2;nom
rembourser;2;ver
reluquer;2;ver
relique;2;nom
rejaillir;2;ver
rehausser;2;ver
refus;2;nom
refaire;2;ver
redresser;2;ver
reconnaissable;2;adj
reconduire;2;ver
recette;2;nom
rayer;2;ver
ravoir;2;ver
ravisseur;2;nom
ravissement;2;nom
rauque;2;adj
ration;2;nom
rapine;2;nom
rapidité;2;nom
ramper;2;ver
rameau;2;nom
ramage;2;nom
ralentir;2;ver
raisonnement;2;nom
raisin;2;nom
raie;2;nom
rageur;2;adj
rager;2;ver
raffiné;2;adj
r;2;nr
quiproquo;2;nom
pétrifier;2;ver
périr;2;ver
pénétration;2;nom
pénombre;2;nom
pâques;2;nom
pâlir;2;ver
pulsation;2;nom
puiser;2;ver
pugilat;2;nom
pudique;2;adj
prétendre;2;ver
préparatif;2;nom
préoccupation;2;nom
prélasser;2;ver
précéder;2;ver
précédent;2;adj
précoce;2;adj
précisément;2;adv
précis;2;adj
prusse;2;nr
prudent;2;adj
prudence;2;nom
provoquer;2;ver
provocant;2;adj
protestant;2;adj
propret;2;adj
proprement;2;adv
promptement;2;adv
prolonger;2;ver
profondeur;2;nom
prodigieux;2;adj
prodigalité;2;nom
procédé;2;nom
procurer;2;ver
proche;2;adj
prochain;2;adj
probité;2;nom
probe;2;adj
probabilité;2;nom
privilégié;2;nom
priver;2;ver
privation;2;nom
printemps;2;nom
principauté;2;nom
prestement;2;adv
poëte;2;nr
poupée;2;nom
poupard;2;nom
pouls;2;nom
poule;2;nom
poudré;2;adj
poteau;2;nom
pot;2;nom
possibilité;2;nom
portrait;2;nom
population;2;nom
pommette;2;nom
politique;2;nom
polisson;2;nom
polir;2;ver
pointu;2;adj
poigne;2;nom
poignarder;2;ver
plâtras;2;nom
plomber;2;ver
plaquer;2;ver
plain;2;nom
plaie;2;nom
pince;2;nom
piller;2;ver
pigeonnier;2;nom
picoter;2;ver
phénomène;2;nom
phrase;2;nom
philosophe;2;nom
peser;2;ver
pervers;2;adj
persévérer;2;ver
persécuteur;2;nom
persistance;2;nom
perpendiculaire;2;adj
perfide;2;adj
percher;2;ver
pelisse;2;nom
peinture;2;nom
peignirent;2;nr
paître;2;ver
paupière;2;nom
paume;2;nom
paul;2;nr
patrimoine;2;nom
paternel;2;adj
pastiquer;2;nr
passager;2;adj
particulièrement;2;adv
paroxysme;2;nom
parer;2;ver
parenthèse;2;nom
parc;2;nom
palpitant;2;adj
palette;2;nom
pair;2;nom
page;2;nom
ourdir;2;ver
otez;2;nr
osseux;2;adj
orteil;2;nom
orner;2;ver
organisation;2;nom
oranger;2;nom
orage;2;nom
opprobre;2;nom
oppressé;2;adj
opiniâtreté;2;nom
oncle;2;nom
olive;2;nom
ogre;2;nom
oeuf;2;nom
odorant;2;adj
occupation;2;nom
occulte;2;adj
obséquiosité;2;nom
obstruer;2;ver
observateur;2;nom
obscurcir;2;ver
négoce;2;nom
nécessité;2;nom
néant;2;nom
nuancer;2;ver
noël;2;nom
novembre;2;nom
noué;2;adj
nord;2;nom
noix;2;nom
noirâtre;2;adj
noircir;2;ver
noblement;2;adv
nier;2;ver
nicolas;2;nr
nicher;2;ver
niais;2;adj
nettoyer;2;ver
naïf;2;adj
natte;2;nom
national;2;adj
narration;2;nom
nantes;2;nr
naguère;2;adv
nage;2;nom
métaphore;2;nom
méfiant;2;adj
méfait;2;nom
méditer;2;ver
méconnaître;2;ver
mâchoire;2;nom
mâcher;2;ver
mutiler;2;ver
musique;2;nom
muscle;2;nom
mousseline;2;nom
mouiller;2;ver
mou;2;adj
mortellerie;2;nr
morsure;2;nom
morale;2;nom
montrouge;2;nr
monotonie;2;nom
momentanément;2;adv
modérer;2;ver
mobile;2;nom
miner;2;ver
mi_côte;2;nom
meute;2;nom
mesurer;2;ver
messe;2;nom
mer;2;nom
mentor;2;nom
menace;2;nom
maximilien;2;nr
mauviette;2;nom
matériellement;2;adv
matrimonial;2;adj
maternel;2;adj
matelas;2;nom
maréchal;2;nom
martin;2;nom
marronner;2;ver
marmotte;2;nom
marmite;2;nom
margot;2;nom
marchepied;2;nom
marbrer;2;ver
marais;2;nom
mansuétude;2;nom
manifestation;2;nom
malsain;2;adj
maladif;2;adj
maire;2;nom
maintenir;2;ver
mademoiselle;2;nom
madeleine;2;nom
lésiner;2;ver
légal;2;adj
lumineux;2;adj
lucifer;2;nr
lucide;2;adj
louvre;2;nr
londres;2;nr
local;2;adj
lobe;2;nom
lièvre;2;nom
litière;2;nom
lisière;2;nom
ligne;2;nom
licencieux;2;adj
liban;2;nr
levier;2;nom
lestement;2;adv
lent;2;adj
latéral;2;adj
lasser;2;ver
larguer;2;ver
lardoire;2;nr
larder;2;ver
lapidaire;2;adj
langoureux;2;adj
lancer;2;ver
lame;2;nom
laitier;2;adj
laideur;2;nom
lagny;2;nr
labour;2;nom
kiss;2;nr
juvénile;2;adj
jusque_là;2;adv
juliette;2;nr
joujoux;2;nom
joueur;2;nom
jean;2;nom
jaunâtre;2;adj
jaunet;2;nr
jaspiner;2;ver
jars;2;nom
ivoire;2;nom
irritation;2;nom
invincible;2;adj
invention;2;nom
intérieur;2;nom
intéressé;2;adj
intrépidité;2;nom
introduction;2;nom
intrigue;2;nom
intrigant;2;adj
insurmontable;2;adj
inspecter;2;ver
insigne;2;nom
insensiblement;2;adv
inscrire;2;ver
inonder;2;ver
innovation;2;nom
injecter;2;ver
inhabité;2;adj
ingénu;2;nom
infirmité;2;nom
infiniment;2;adv
infini;2;adj
inexprimable;2;adj
inespéré;2;adj
inerte;2;adj
indulgent;2;adj
indulgence;2;nom
indissoluble;2;adj
indispensable;2;adj
indiscrétion;2;nom
indigner;2;ver
inconduite;2;nom
incliner;2;ver
inclination;2;nom
incident;2;nom
inattendu;2;adj
impuissant;2;adj
imprudence;2;nom
improbable;2;adj
impie;2;adj
imperturbable;2;adj
impatienter;2;ver
impatiemment;2;adv
immédiatement;2;adv
immunité;2;nom
imminent;2;adj
immaculé;2;adj
imberbe;2;adj
idéalité;2;nr
idéal;2;adj
idole;2;nom
hôtesse;2;nom
hôtel_dieu;2;nom
hérissé;2;adj
héraldique;2;adj
hâve;2;adj
hypocrisie;2;nom
hurler;2;ver
huppé;2;adj
humilité;2;nom
humilier;2;ver
humiliation;2;nom
humiliant;2;adj
humidité;2;nom
humanité;2;nom
housse;2;nom
houppe;2;nom
hospitalité;2;nom
hospice;2;nom
horloge;2;nom
honorablement;2;adv
hommage;2;nom
hilarité;2;nom
heurter;2;ver
herculéen;2;adj
hercule;2;nom
herbelot;2;nr
harmoniser;2;ver
hangar;2;nom
haie;2;nom
hagard;2;adj
gênant;2;adj
génisse;2;nom
guise;2;nom
gueusard;2;nr
guet_apens;2;nom
guet;2;nom
grouper;2;ver
groupe;2;nom
grossièreté;2;nom
grommeler;2;ver
grive;2;nom
grisonnant;2;adj
grinçant;2;adj
grincer;2;ver
grimpant;2;adj
grillager;2;ver
griffe;2;nom
gratitude;2;nom
gras_double;2;nom
grandeur;2;nom
grand_père;2;nom
goutte;2;nom
goulot;2;nom
glacial;2;adj
gervais;2;nr
geneviève;2;nr
gendarme;2;nom
garrotter;2;ver
garni;2;adj
garde;2;nom
garantir;2;ver
gant;2;nom
gamin;2;nom
galanterie;2;nom
galant;2;adj
gabelous;2;nr
féliciter;2;ver
féerique;2;adj
furieusement;2;adv
furie;2;nom
frêle;2;adj
frédérik;2;nr
froncer;2;ver
froidure;2;nom
friser;2;ver
fringale;2;nom
fricoter;2;ver
fricot;2;nom
frelaté;2;adj
fraîcheur;2;nom
fraîchement;2;adv
frappant;2;adj
franger;2;ver
fourbe;2;adj
fouet;2;nom
fossette;2;nom
follement;2;adv
foire;2;nom
flèche;2;nom
flottant;2;adj
floride;2;nr
fleuve;2;nom
flegme;2;nom
flattera;2;nr
flaque;2;nom
flamme;2;nom
flambeau;2;nom
fièrement;2;adv
fiole;2;nom
filasse;2;nom
figuier;2;nom
fidélité;2;nom
ficelé;2;adj
feuillu;2;adj
ferré;2;adj
fermé;2;adj
femelle;2;nom
feinte;2;nom
façonner;2;ver
favoriser;2;ver
fausset;2;nom
faussaire;2;nom
fatalité;2;nom
fantaisie;2;nom
familiarité;2;nom
facilité;2;nom
fabuleux;2;adj
fabriquer;2;ver
fabricant;2;nom
extérieur;2;nom
extradition;2;nom
explosion;2;nom
explorer;2;ver
exotique;2;adj
exiger;2;ver
excessivement;2;adv
exception;2;nom
excellence;2;nom
excavation;2;nom
exaucer;2;ver
exalté;2;adj
exalter;2;ver
exagéré;2;adj
exactement;2;adv
estropier;2;ver
estaminet;2;nom
esclavage;2;nom
erreur;2;nom
environner;2;ver
envieux;2;adj
envier;2;ver
envahir;2;ver
entr_ouvert;2;adj
ensanglanté;2;adj
enroué;2;adj
enrichir;2;ver
enrager;2;ver
ennui;2;nom
enflammé;2;adj
endimanché;2;adj
encolure;2;nom
emprisonner;2;ver
empressement;2;nom
empourprer;2;ver
emportement;2;nom
empoisonner;2;ver
empocher;2;ver
empire;2;nom
empereur;2;nom
embusquer;2;ver
embrasure;2;nom
embrasement;2;nom
embaumer;2;ver
effrontément;2;adv
effraction;2;nom
effleurer;2;ver
dévoiler;2;ver
dévisager;2;ver
détester;2;ver
déterminer;2;ver
détenu;2;nom
détailler;2;ver
désolé;2;adj
désoler;2;ver
déshonneur;2;nom
dérouter;2;ver
dérouler;2;ver
dérision;2;nom
dépouillé;2;adj
dépouiller;2;ver
dépense;2;nom
dépendance;2;nom
dépeindre;2;ver
délicieux;2;adj
dégringoler;2;ver
dégrader;2;ver
déformer;2;ver
défense;2;nom
défaire;2;ver
dédale;2;nom
découper;2;ver
déchirement;2;nom
déchaîner;2;ver
décharné;2;adj
décembre;2;nom
débris;2;nom
déboucher;2;ver
débarder;2;ver
dureté;2;nom
duren;2;nr
dubreuil;2;nr
droguer;2;ver
draperie;2;nom
doué;2;adj
douteux;2;adj
dossier;2;nom
domination;2;nom
diète;2;nom
diviser;2;ver
distribuer;2;ver
dissimulation;2;nom
disculper;2;ver
direction;2;nom
directement;2;adv
diminuer;2;ver
dilaté;2;adj
difficulté;2;nom
dextérité;2;nom
deuxième;2;adj
dessécher;2;ver
dessin;2;nom
desserrer;2;ver
dentelle;2;nom
demi_voix;2;nr
dater;2;ver
date;2;nom
danse;2;nom
danois;2;adj
cérémonieux;2;adj
cérémonie;2;nom
cérébral;2;adj
câlin;2;nom
cynique;2;adj
culotte;2;nom
cuivre;2;nom
cuire;2;ver
cuiller;2;nom
cueillir;2;ver
crêpé;2;adj
crédit;2;nom
croûton;2;nom
croûte;2;nom
croyance;2;nom
croisé;2;adj
crochu;2;adj
crochet;2;nom
crocher;2;ver
crinière;2;nom
crin;2;nom
crayon;2;nom
cramponner;2;ver
cramoisi;2;adj
couverture;2;nom
couturier;2;nom
courroux;2;nom
courbé;2;adj
courber;2;ver
courageusement;2;adv
couperet;2;nom
coucou;2;nom
coteau;2;nom
cossu;2;adj
corrompu;2;adj
correspondre;2;ver
corne;2;nom
cordialement;2;adv
cordial;2;nom
corail;2;nom
coquillage;2;nom
coq;2;nom
cooper;2;nr
conviction;2;nom
contrôle;2;nom
contrariété;2;nom
contingent;2;nom
contenance;2;nom
contemplation;2;nom
consulter;2;ver
consultation;2;nom
constituer;2;ver
constantinople;2;nr
consolation;2;nom
consolant;2;adj
conservation;2;nom
confirmer;2;ver
confident;2;nom
conclure;2;ver
concilier;2;ver
concerter;2;ver
concert;2;nom
compromis;2;nom
comprimer;2;ver
compliment;2;nom
complaisance;2;nom
complaisamment;2;adv
comparer;2;ver
comparaison;2;nom
communiquer;2;ver
commissionnaire;2;nom
commissaire;2;nom
comique;2;adj
colombier;2;nom
clément;2;adj
clou;2;nom
cloche;2;nom
clerc;2;nom
clara;2;nr
citer;2;ver
circuler;2;ver
circonscrire;2;ver
cicatrice;2;nom
chérir;2;ver
chèvrefeuille;2;nom
châtiment;2;nom
christophe;2;nr
chou;2;nom
chopine;2;nom
chiffon;2;nom
chef_d_oeuvre;2;nom
chausson;2;nom
chaume;2;nom
chaufourniers;2;nr
charrette;2;nom
charmer;2;ver
charlot;2;nom
chapelet;2;nom
chanteur;2;nom
chair;2;nom
certitude;2;nom
certificat;2;nom
centre;2;nom
centaine;2;nom
castorine;2;nr
castor;2;nom
cassine;2;nom
cartouche;2;nom
carte;2;nom
carrière;2;nom
caractérisé;2;adj
capitale;2;nom
canne;2;nom
candide;2;adj
canard;2;nom
canaille;2;nom
camélia;2;nom
calomniateur;2;nom
calleux;2;adj
caler;2;ver
calcul;2;nom
cajoler;2;ver
cage;2;nom
café;2;nom
cadre;2;nom
cadeau;2;nom
cachette;2;nom
cachet;2;nom
cachemire;2;nom
cabaretier;2;nom
bétail;2;nom
béguin;2;nom
bégueule;2;nom
béant;2;adj
bâtir;2;ver
bâtiment;2;nom
bâtard;2;nom
buis;2;nom
bruyère;2;nom
brute;2;nom
brume;2;nom
briquet;2;nom
bringues;2;nr
brillamment;2;adv
brider;2;ver
breuvage;2;nom
bref;2;adv
braver;2;ver
brassée;2;nom
brandebourg;2;nom
brabant;2;nom
boutonner;2;ver
bourre;2;nom
bourgeonnée;2;nr
boulogne;2;nr
bouleverser;2;ver
bouleau;2;nom
bouillon;2;nom
bouffée;2;nom
bouclé;2;adj
bottier;2;nom
bordée;2;nom
bordure;2;nom
boiteux;2;nom
blé;2;nom
blâmer;2;ver
blasé;2;adj
blafard;2;adj
bizarrerie;2;nom
bizarrement;2;adv
billard;2;nom
bien_être;2;nom
besicles;2;nom
berger;2;nom
bercy;2;nr
bercer;2;ver
berceau;2;nom
beauce;2;nr
beau_frère;2;nom
bavarder;2;ver
bateau;2;nom
baronnet;2;nom
baptême;2;nom
bananier;2;nom
ban;2;nom
ballot;2;nom
balle;2;nom
bail;2;nom
baie;2;nom
babiller;2;ver
avoye;2;nr
aviser;2;ver
avide;2;adj
aveuglément;2;adv
aveu;2;nom
avenue;2;nom
aventureux;2;adj
aventurer;2;ver
avant_hier;2;adv
aux_aguets;2;adv
autoriser;2;ver
austère;2;adj
aurore;2;nom
aune;2;nom
au_dessous;2;adv
attrait;2;nom
atterrer;2;ver
attentif;2;adj
atteler;2;ver
atout;2;nom
assurance;2;nom
associé;2;nom
assigner;2;ver
assener;2;ver
assassinat;2;nom
aspiration;2;nom
articulé;2;adj
arsenic;2;nom
arqué;2;adj
arnouville;2;nr
argenté;2;adj
argenterie;2;nom
ardeur;2;nom
arc;2;nom
arbuste;2;nom
aquin;2;nr
appât;2;nom
apprenti;2;nom
appesantir;2;ver
appel;2;nom
apparition;2;nom
apollon;2;nom
aplatir;2;ver
apaiser;2;ver
antérieur;2;adj
antique;2;adj
antichambre;2;nom
améliorer;2;ver
ample;2;adj
amortir;2;ver
amorcer;2;ver
amical;2;adj
alépine;2;nr
alourdir;2;ver
allumette;2;nom
algérie;2;nr
alarmer;2;ver
ailé;2;adj
aileron;2;nom
aile;2;nom
aigle;2;nom
agrément;2;nom
agneau;2;nom
agitation;2;nom
affronter;2;ver
affranchir;2;ver
affilé;2;adj
affectionner;2;ver
affabilité;2;nom
adultère;2;nom
adorable;2;adj
activité;2;nom
activement;2;adv
acquéreur;2;nom
acier;2;nom
acharner;2;ver
accès;2;nom
accusation;2;nom
accroupir;2;ver
accompli;2;adj
accident;2;nom
accentuer;2;ver
accablement;2;nom
abus;2;nom
absent;2;adj
abriter;2;ver
aboutir;2;ver
abouler;2;ver
abonder;2;ver
abattement;2;nom
abandon;2;nom
évoquer;1;ver
évolution;1;nom
évidemment;1;adv
éventaire;1;nom
été;1;nom
étroitement;1;adv
étreindre;1;ver
étrangeté;1;nom
étourdirai;1;nr
étouffé;1;adj
étincelle;1;nom
éternellement;1;adv
étang;1;nom
étamine;1;nom
étaler;1;ver
étal;1;nom
étagère;1;nom
érudit;1;nom
équitation;1;nom
équitable;1;adj
équipage;1;nom
équilibre;1;nom
épée;1;nom
épurera;1;nr
épousseter;1;ver
époumonée;1;nr
éplucher;1;ver
épitaphe;1;nom
épilogueur;1;nr
épicurisme;1;nom
épicurien;1;adj
épi;1;nom
éperonner;1;ver
éperon;1;nom
éperdu;1;adj
épeler;1;ver
énumération;1;nom
énigme;1;nom
éminent;1;adj
émigration;1;nom
émanciper;1;ver
émaillé;1;adj
émailler;1;ver
élégamment;1;adv
élèverez;1;nr
éloquemment;1;adv
élite;1;nom
élimination;1;nom
électriser;1;ver
élastique;1;nom
élancé;1;adj
élancement;1;nom
égout;1;nom
égaler;1;ver
également;1;adv
éduquer;1;ver
édification;1;nom
éden;1;nom
écuyer;1;nom
écureuil;1;nom
écumer;1;ver
écueil;1;nom
écrevisse;1;nom
écot;1;nom
écluse;1;nom
éclosent;1;nr
éclaireur;1;nom
éclairage;1;nom
échouer;1;ver
échelon;1;nom
écharpe;1;nom
échancré;1;adj
écartement;1;nom
écart;1;nom
ébranlement;1;nom
éborgner;1;ver
éblouir;1;ver
ébauché;1;adj
ébauche;1;nom
ébattre;1;ver
ébahissements;1;nr
âtre;1;nom
âpre;1;adj
à_tâtons;1;adv
à_propos;1;nom
à_l_improviste;1;adv
à_jeun;1;adv
zingues;1;nr
zest;1;nom
xii;1;nr
williams;1;nom
vêpre;1;nom
vérifier;1;ver
vénération;1;nom
vénus;1;nom
végétation;1;nom
vulgarité;1;nom
vrille;1;nom
voltiger;1;ver
volant;1;nom
volaille;1;nom
voite;1;nr
voilé;1;adj
voilerait;1;nr
vivace;1;adj
vitesse;1;nom
vital;1;adj
visser;1;ver
visière;1;nom
visiteur;1;nom
visiblement;1;adv
visible;1;adj
viser;1;ver
viril;1;adj
violâtre;1;adj
violette;1;nom
violet;1;adj
violacé;1;adj
vingtaine;1;nom
villiers;1;nr
vileté;1;nr
vilenie;1;nom
vil;1;adj
vigne;1;nom
vielle;1;nom
vieillard;1;nom
victorieux;1;adj
vicié;1;adj
vicinal;1;adj
vicier;1;ver
vibrant;1;adj
viande;1;nom
veuvage;1;nom
vertueux;1;adj
vertigineux;1;adj
versant;1;nom
versailles;1;nr
verrine;1;nr
vernissé;1;adj
vernis;1;nom
vernir;1;ver
vermine;1;nom
verger;1;nom
verge;1;nom
ver;1;nom
venimeux;1;adj
vengeur;1;adj
vendôme;1;nr
vendredi;1;nom
veiné;1;adj
veine;1;nom
vaudémont;1;nr
variété;1;nom
varier;1;ver
vapeur;1;nom
vallée;1;nom
valable;1;adj
vacillant;1;adj
utopie;1;nom
usurier;1;nom
urbanité;1;nom
unisson;1;nom
uniforme;1;nom
uni;1;adj
ultérieur;1;adj
tôle;1;nom
tête_à_tête;1;nom
tête_de_mort;1;nom
tâter;1;ver
typhus;1;nom
tuteur;1;nom
turner;1;nr
turf;1;nom
turbulent;1;adj
turbulence;1;nom
tunique;1;nom
tulipe;1;nom
tuilerie;1;nom
tueur;1;nom
tudesque;1;adj
tsar;1;nom
tréteau;1;nom
trépigner;1;ver
tréfoin;1;nr
trousse;1;nom
troupière;1;nr
troubadour;1;nom
trot;1;nom
trompeur;1;adj
trompe_l_oeil;1;nom
tripoter;1;ver
tripler;1;ver
triple;1;adj
tripier;1;nom
triperie;1;nom
trinquer;1;ver
trimer;1;ver
trimbaleur;1;nr
trimbaler;1;ver
tribu;1;nom
triangle;1;nom
triage;1;nom
tresser;1;ver
trembleras;1;nr
treillagée;1;nr
traîtrise;1;nom
traître;1;nom
traînée;1;nom
traviole;1;nr
traversée;1;nom
travaillé;1;adj
travailleur;1;adj
transversal;1;adj
transmettre;1;ver
tranquillement;1;adv
trancher;1;ver
trajet;1;nom
traiteur;1;nom
traire;1;ver
trahison;1;nom
tragique;1;adj
trafiquer;1;ver
tracasser;1;ver
tout_puissant;1;adj
toussaint;1;nom
tourtière;1;nom
tournée;1;nom
tournoyer;1;ver
tourneuse;1;nr
total;1;adj
torture;1;nom
tortueux;1;adj
tortu;1;adj
tors;1;adj
torpeur;1;nom
toque;1;nom
toper;1;ver
tonnant;1;adj
tondrait;1;nr
tombeau;1;nom
tolérable;1;adj
toise;1;nom
tiède;1;adj
titus;1;nr
tirage;1;nom
tintement;1;nom
timbre;1;nom
tige;1;nom
théâtral;1;adj
théière;1;nom
thol;1;nr
terrier;1;nom
terriblement;1;adv
terreux;1;adj
ternir;1;ver
tension;1;nom
tendance;1;nom
tenancier;1;nom
tenailler;1;ver
tempêter;1;ver
tempête;1;nom
tempérament;1;nom
teignasse;1;nr
taxe;1;nom
taupe;1;nom
tasse;1;nom
tartare;1;adj
tartan;1;nom
tardivement;1;adv
tardif;1;adj
tarder;1;ver
tapisser;1;ver
tapageur;1;adj
tapage;1;nom
tambourinât;1;nr
tambouriniez;1;nr
tambouriner;1;ver
taillis;1;nom
tailleur;1;nom
taffetas;1;nom
tacitement;1;adv
tacher;1;ver
tablette;1;nom
sérail;1;nom
séparation;1;nom
sénile;1;adj
séduisant;1;adj
sécurité;1;nom
sécher;1;ver
sève;1;nom
synoptique;1;adj
symétrie;1;nom
sympathiser;1;ver
symbole;1;nom
sylvain;1;nom
sylphidiques;1;nr
suwarow;1;nr
suspect;1;adj
suscription;1;nom
survivre;1;ver
survenir;1;ver
surveillant;1;nom
surprenant;1;adj
surnommé;1;adj
surnaturel;1;nom
surlendemain;1;nom
surgir;1;ver
surbaissé;1;adj
sur_le_champ;1;adv
suprêmement;1;adv
suppléant;1;nom
supplication;1;nom
superstition;1;nom
superficiel;1;adj
superbement;1;adv
suffisant;1;adj
suer;1;ver
successivement;1;adv
successeur;1;nom
subvenir;1;ver
substituer;1;ver
submerger;1;ver
sublime;1;adj
suavité;1;nom
stéréotypé;1;adj
stéphanotis;1;nr
stupéfièrent;1;nr
strié;1;adj
stratagème;1;nom
strasbourg;1;nr
strangulée;1;nr
stature;1;nom
spécimen;1;nom
spécialité;1;nom
spécial;1;adj
spontané;1;adj
spirituellement;1;adv
spirale;1;nom
spacieux;1;adj
soustraire;1;ver
sous_officier;1;nom
sournois;1;adj
sourdement;1;adv
sourciller;1;ver
soupirer;1;ver
soupirail;1;nom
soumission;1;nom
souleur;1;nr
souillure;1;nom
souhait;1;nom
souffle;1;nom
soubresaut;1;nom
sort;1;nom
sorgue;1;nr
sorcier;1;nom
sorbon;1;nom
sonorité;1;nom
sondeur;1;nom
somptuosité;1;nom
somnambule;1;nom
solution;1;nom
solive;1;nom
solitaire;1;adj
solder;1;ver
soignant;1;adj
soi_disant;1;adj
socque;1;nom
social;1;adj
site;1;nom
sinves;1;nr
simultanément;1;adv
sillon;1;nom
signification;1;nom
signal;1;nom
sifflement;1;nom
sexagénaire;1;nom
serrement;1;nom
serpenter;1;ver
sermonner;1;ver
serin;1;nom
serein;1;adj
sentence;1;nom
sensément;1;adv
sensibilité;1;nom
sensation;1;nom
semis;1;nom
semelle;1;nom
secousse;1;nom
secourable;1;adj
seconder;1;ver
seau;1;nom
sculptural;1;adj
sculpter;1;ver
scruteur;1;nr
scrupuleux;1;adj
scott;1;nr
scintiller;1;ver
scintillation;1;nom
scier;1;ver
sciemment;1;adv
saxe;1;nr
savon;1;nom
savetier;1;nom
satisferez;1;nr
sarmenteuses;1;nr
sardonique;1;adj
sardanapale;1;nr
sarcelle;1;nom
saperlotte;1;nom
sanglier;1;nom
salubre;1;adj
salpêtré;1;nr
salpêtrer;1;ver
sainteté;1;nom
saintement;1;adv
saint_père;1;nom
saignée;1;nom
saigner;1;ver
sacrifice;1;nom
sacrement;1;nom
sacramentels;1;nr
sacoche;1;nom
sachet;1;nom
sabler;1;ver
sable;1;nom
rôtir;1;ver
rôdeur;1;nom
rêvé;1;adj
rêveur;1;nom
révérence;1;nom
révolu;1;adj
révoltant;1;adj
rétrospectif;1;adj
rétribuer;1;ver
résonner;1;ver
résider;1;ver
résident;1;nom
répugner;1;ver
réprobation;1;nom
réprimer;1;ver
réprimande;1;nom
répliquer;1;ver
réparer;1;ver
réparation;1;nom
réparateur;1;nom
réhabiliter;1;ver
réhabilitation;1;nom
régnantes;1;nr
régisseur;1;nom
région;1;nom
régime;1;nom
régent;1;nom
régence;1;nom
régaler;1;ver
réfugié;1;nom
réforme;1;nom
réflecteur;1;nom
rédiger;1;ver
rédaction;1;nom
récréation;1;nom
récrimination;1;nom
récolter;1;ver
récolte;1;nom
réclusion;1;nom
réclamer;1;ver
réclamation;1;nom
réchapper;1;ver
réception;1;nom
réceptacle;1;nom
récalcitrant;1;adj
réalisation;1;nom
réaction;1;nom
râler;1;ver
rustre;1;nom
ruisseler;1;ver
rugissement;1;nom
rugissant;1;adj
rugir;1;ver
ruer;1;ver
rubis;1;nom
royauté;1;nom
routine;1;nom
rousselot;1;nr
roupiller;1;ver
roulette;1;nom
rouiller;1;ver
rouille;1;nom
rouen;1;nr
roue;1;nom
rosé;1;nom
rosières;1;nr
rosette;1;nom
ronflement;1;nom
rome;1;nr
romainville;1;nr
romain;1;adj
roidissant;1;nr
roideur;1;nom
rogue;1;adj
rognure;1;nom
rogner;1;ver
roche;1;nom
river;1;ver
rimeur;1;nom
rimer;1;ver
rigoureusement;1;adv
riffauder;1;ver
ridiculiser;1;ver
ridiculement;1;adv
rider;1;ver
richesse;1;nom
richement;1;adv
richelieu;1;nom
ricanement;1;nom
rhinocéros;1;nom
revue;1;nom
revengée;1;nr
revengeront;1;nr
retrempera;1;nr
retracer;1;ver
retentissement;1;nom
retentissant;1;adj
restriction;1;nom
restauration;1;nom
restaurais;1;nr
ressuyer;1;nr
ressouvenir;1;ver
ressortir;1;ver
ressentiraient;1;nr
ressentiment;1;nom
ressemelant;1;nr
ressemblance;1;nom
responsable;1;adj
respectif;1;adj
reptile;1;nom
représentation;1;nom
reproduction;1;nom
reprocherez;1;nr
reproche;1;nom
repoussoir;1;nom
replonger;1;ver
renversé;1;adj
renversant;1;adj
renouvellerez;1;nr
renommé;1;adj
rengorger;1;ver
renfrogner;1;ver
renfonçais;1;nr
renfoncez;1;nr
renflement;1;nom
rendrions;1;nr
renard;1;nom
remédier;1;ver
remplaçant;1;nom
rempart;1;nom
remontrer;1;ver
remmener;1;ver
remerciement;1;nom
rembrandt;1;nr
remboursement;1;nom
remarque;1;nom
remaniement;1;nom
relire;1;ver
religion;1;nom
relief;1;nom
relativement;1;adv
relancer;1;ver
rejeté;1;adj
rejeter;1;ver
reine_marguerite;1;nom
regretterions;1;nr
regain;1;nom
refuge;1;nom
refroidissement;1;nom
refrain;1;nom
refouler;1;ver
refléter;1;ver
redû;1;nr
recrépir;1;ver
recroqueviller;1;ver
recours;1;nom
recourbé;1;adj
recommandable;1;adj
recoin;1;nom
rechigner;1;ver
recharger;1;ver
receleur;1;nom
receler;1;ver
recel;1;nom
rebut;1;nom
rebord;1;nom
rebondi;1;adj
rebelle;1;adj
rayé;1;adj
rayonner;1;ver
rayonnant;1;adj
ravage;1;nom
rattraper;1;ver
rattacher;1;ver
ratatouille;1;nom
rassurant;1;adj
rasseoir;1;ver
ras;1;adj
rapprochement;1;nom
rapiécer;1;ver
rapin;1;nom
ranimer;1;ver
rance;1;adj
ramsgate;1;nr
raisonner;1;ver
raisiné;1;nom
railles;1;nr
ragaillardir;1;ver
raffinement;1;nom
raffermissant;1;nr
rafale;1;nom
racine;1;nom
race;1;nom
quérir;1;ver
quiétude;1;nom
quinte;1;nom
quibus;1;nom
questionneur;1;nom
querelle;1;nom
quarteron;1;nom
pêcher;1;ver
pêche;1;nom
pétition;1;nom
pétiller;1;ver
pétillant;1;adj
péroraison;1;nom
péristyle;1;nom
péripétie;1;nom
période;1;nom
périlleux;1;adj
pénélope;1;nr
pénal;1;adj
pèlerin;1;nom
pâtée;1;nom
pâté;1;nom
pâquerette;1;nom
pâlissant;1;adj
python;1;nom
pyrénées;1;nr
pyrrhus;1;nr
pylore;1;nom
puérilité;1;nom
puéril;1;adj
purpurin;1;adj
pupille;1;nom
pulluler;1;ver
public;1;adj
psalmodier;1;ver
prêcher;1;ver
prévision;1;nom
prévenance;1;nom
prétexter;1;ver
prétentieux;1;adj
prétendu;1;adj
prétendriez;1;nr
présomption;1;nom
présomptifs;1;nr
présider;1;ver
président;1;nom
préserver;1;ver
préjugé;1;nom
préjugea;1;nr
préjudice;1;nom
préférable;1;adj
prédécesseur;1;nom
prédominer;1;ver
prédominance;1;nom
prédisposer;1;ver
prédilection;1;nom
prédicateur;1;nom
précipitamment;1;adv
précieusement;1;adv
prussien;1;nom
pruderie;1;nom
prrrrr;1;nr
proximité;1;nom
provocation;1;nom
provision;1;nom
province;1;nom
proverbe;1;nom
provenir;1;ver
protester;1;ver
protection;1;nom
prospérité;1;nom
prospère;1;adj
prose;1;nom
proscrire;1;ver
proscription;1;nom
prophète;1;nom
pronostic;1;nom
prométhée;1;nr
promptitude;1;nom
proie;1;nom
proférer;1;ver
professeur;1;nom
professer;1;ver
prodige;1;nom
procéder;1;ver
procès_verbal;1;nom
procès;1;nom
procuration;1;nom
prochainement;1;adv
prisme;1;nom
prismatique;1;adj
primitivement;1;adv
preux;1;adj
prestige;1;nom
prestesse;1;nom
presse;1;nom
pressant;1;adj
prescrire;1;ver
prescription;1;nom
pratiquer;1;ver
praticien;1;nom
poutre;1;nom
poussière;1;nom
poulain;1;nom
poulailler;1;nom
poudrer;1;ver
poudre;1;nom
pot_au_feu;1;nom
postérieur;1;adj
poster;1;ver
possesseur;1;nom
positivement;1;adv
porcelaine;1;nom
populeux;1;adj
populaire;1;adj
pondération;1;nom
ponctuellement;1;adv
ponctualité;1;nom
pompe;1;nom
pomone;1;nr
pommier;1;nom
poltronnes;1;nr
poliment;1;adv
poli;1;adj
poivre;1;nom
poison;1;nom
pointer;1;ver
pluvieux;1;adj
plumage;1;nom
ployer;1;ver
plongée;1;nom
plombé;1;adj
plinthe;1;nom
plier;1;ver
pleurnicheur;1;nom
pleurnicher;1;ver
plateau;1;nom
plant;1;nom
plancher;1;nom
plaisant;1;adj
plaisamment;1;adv
plaintivement;1;adv
plaintif;1;adj
plain_pied;1;nom
plaideraient;1;nr
placement;1;nom
pitanchez;1;nr
pitanches;1;nr
pitancher;1;ver
pis_aller;1;nom
pire;1;adj
piquette;1;nom
piquet;1;nom
pipée;1;nom
pioncer;1;ver
pintade;1;nom
pinceau;1;nom
pince_sans_rire;1;adj
pin;1;nom
pilon;1;nom
pilier;1;nom
pilastre;1;nom
pierrettes;1;nr
pierreries;1;nom
pie;1;nom
pic;1;nom
piailler;1;ver
piaffer;1;ver
physionomiste;1;nom
physiologique;1;adj
phosphorescent;1;adj
philémon;1;nr
philosophique;1;adj
philosophal;1;adj
philippe;1;nr
phase;1;nom
phalange;1;nom
peureux;1;adj
peupler;1;ver
peuplade;1;nom
petitesse;1;nom
pesanteur;1;nom
pesamment;1;adv
pervertir;1;ver
perverti;1;adj
persuader;1;ver
persil;1;nom
perruche;1;nom
perplexe;1;adj
pernicieux;1;adj
perforer;1;ver
perfidie;1;nom
perdrix;1;nom
perchoir;1;nom
perchions;1;nr
percheron;1;nom
perche;1;nom
pente;1;nom
penseur;1;nom
pelure;1;nom
peigne;1;nom
païen;1;nom
pavillon;1;nom
pauvreté;1;nom
patronner;1;ver
patronage;1;nom
patron;1;nom
patriarcal;1;adj
patiemment;1;adv
paternité;1;nom
paterne;1;adj
patente;1;nom
pastique;1;nr
pastiquait;1;nr
passiflores;1;nr
passe_temps;1;nom
passable;1;adj
partisan;1;nom
parrain;1;nom
parquet;1;nom
parlementaire;1;adj
parfum;1;nom
paresseux;1;adj
paresseusement;1;adv
parenté;1;nom
parcourrons;1;nr
parcimonie;1;nom
paravent;1;nom
parapet;1;nom
paralyserai;1;nr
parallélogramme;1;nom
parade;1;nom
papilloter;1;ver
papillon;1;nom
paperasse;1;nom
panthéon;1;nom
pantagruélique;1;adj
panner;1;ver
panneau;1;nom
palmier;1;nom
palme;1;nom
pallier;1;ver
palissandre;1;nom
palissade;1;nom
paletot;1;nom
paix;1;nom
pailleté;1;adj
pactole;1;nom
ouvré;1;adj
outrageusement;1;adv
outrager;1;ver
outrage;1;nom
outil;1;nom
oubli;1;nom
otons;1;nr
otaïti;1;nr
oseraient;1;adv
os;1;nom
orme;1;nom
original;1;nom
originairement;1;adv
orgueilleusement;1;adv
orgue;1;nom
orgie;1;nom
oreiller;1;nom
ordonné;1;adj
ordonnât;1;nr
orchestre;1;nom
opérateur;1;nom
opulent;1;adj
optimisme;1;nom
oppression;1;nom
opposition;1;nom
opale;1;nom
ondée;1;adj
omnibus;1;nom
omettre;1;ver
ombreux;1;adj
ombrelle;1;nom
ombrager;1;ver
olivâtre;1;adj
oise;1;nr
oie;1;nom
officiel;1;adj
offenser;1;ver
oeil_de_boeuf;1;nom
odyssée;1;nom
ode;1;nom
octroyer;1;ver
occupant;1;nom
obséder;1;ver
obstiner;1;ver
obsession;1;nom
observance;1;nom
oblong;1;adj
oblique;1;adj
objection;1;nom
négociant;1;nom
négligence;1;nom
négatif;1;adj
nuée;1;nom
nuremberg;1;nr
nuque;1;nom
nullité;1;nom
nullement;1;adv
nuisirent;1;nr
nuancé;1;adj
nouvellement;1;adv
notariat;1;nom
notamment;1;adv
notable;1;nom
nonchalant;1;adj
nonchalamment;1;adv
nombrer;1;nr
nombrait;1;nr
noisette;1;nom
noirmont;1;nr
nièce;1;nom
nippe;1;nom
niaisement;1;adv
net;1;adj
nerveusement;1;adv
nerf;1;nom
nemrod;1;nom
naïade;1;nom
nasal;1;adj
narguer;1;ver
narcisse;1;nom
napoléon;1;nom
nacre;1;nom
nacrait;1;nr
méthode;1;nom
métayer;1;nom
métamorphoser;1;ver
métamorphose;1;nom
métallique;1;adj
mésalliance;1;nom
mériterez;1;nr
méprisant;1;adj
mélodrame;1;nom
mélodieusement;1;adv
mélanger;1;ver
mélancoliquement;1;adv
mélan;1;nr
méger;1;nom
méfier;1;ver
méditation;1;nom
méditatif;1;adj
médiocrement;1;adv
mécompte;1;nom
mécaniser;1;ver
mécanique;1;adj
mânes;1;nom
mythologie;1;nom
mystérieusement;1;adv
mutuel;1;adj
mutilé;1;adj
musqué;1;adj
musicien;1;nom
museau;1;nom
musculeux;1;adj
musculaire;1;adj
muscadin;1;nom
murmure;1;nom
murillo;1;nr
munition;1;nom
munir;1;ver
multitude;1;nom
muguet;1;nom
muer;1;ver
moussu;1;adj
mouron;1;nom
moulin;1;nom
moucher;1;ver
motiver;1;ver
mosaïque;1;nom
mortellement;1;adv
moribond;1;adj
morganatique;1;adj
moraliser;1;ver
moralisation;1;nom
moralisait;1;nr
montagnard;1;adj
monstruosité;1;nom
monstrueux;1;adj
monseigneuriser;1;nr
monseign;1;nr
monotone;1;adj
monnier;1;nr
monceau;1;nom
momifié;1;adj
momaque;1;nr
mollet;1;nom
moissonneur;1;nom
moisson;1;nom
moire;1;nom
modération;1;nom
modifier;1;ver
modestie;1;nom
modeler;1;ver
miséricordieux;1;adj
misérablement;1;adv
miss;1;nom
mirliflor;1;nr
mirette;1;nom
mirage;1;nom
miraculeux;1;adj
miracle;1;nom
minutieux;1;adj
minauder;1;ver
millet;1;nom
militairement;1;adv
milice;1;nom
migraine;1;nom
mie;1;nom
mi_jambe;1;nom
mezzo;1;nom
meule;1;nom
messières;1;nr
mercenaire;1;nom
menu;1;nom
menteur;1;adj
mensuel;1;adj
menotte;1;nom
mendier;1;ver
mendiant;1;nom
menacerions;1;nr
membre;1;nom
melun;1;nr
maussadement;1;adv
maurice;1;nr
matériel;1;nom
matinée;1;nom
maternité;1;nom
mater;1;ver
massacrer;1;ver
martre;1;nom
martial;1;adj
marteau;1;nom
marron;1;adj
marraine;1;nom
marque;1;nom
maroquin;1;nom
marmotter;1;ver
marmaille;1;nom
marchandise;1;nom
marboeuf;1;nr
maraîcher;1;nom
manège;1;nom
manton;1;nr
mannequin;1;nom
mandataire;1;nom
mancini;1;nr
manchon;1;nom
maman;1;nom
malédiction;1;nom
malpropre;1;nom
malignement;1;adv
malice;1;nom
malencontreux;1;adj
maladroit;1;adj
majuscule;1;nom
major;1;nom
majesté;1;nom
majestueux;1;adj
maille;1;nom
magnétique;1;adj
magnoliers;1;nr
magnificence;1;nom
magistral;1;adj
magie;1;nom
madelon;1;nr
machine;1;nom
machinal;1;adj
machin;1;nom
macarone;1;nr
lézardé;1;adj
lézarder;1;ver
légume;1;nom
légitimer;1;ver
légion;1;nom
légaliser;1;ver
légalement;1;adv
lécherez;1;nr
lâche;1;nom
là_dessous;1;adv
lustré;1;adj
lune;1;nom
lundi;1;nom
luire;1;ver
lucarne;1;nom
loyer;1;nom
loyauté;1;nom
loto;1;nom
lot;1;nom
losange;1;nom
loquet;1;nom
lopin;1;nom
longuement;1;adv
longer;1;ver
loisir;1;nom
logé;1;adj
location;1;nom
localité;1;nom
littéralement;1;adv
littoral;1;nom
liste;1;nom
lisse;1;adj
liqueur;1;nom
lion;1;nom
lingère;1;nom
limpidité;1;nom
limpide;1;adj
limite;1;nom
limace;1;nom
lille;1;nr
liguer;1;ver
licou;1;nom
licheurs;1;nr
licheur;1;nr
licence;1;nom
libéralité;1;nom
libation;1;nom
liane;1;nom
lettré;1;nom
lenteur;1;nom
lecture;1;nom
lataniers;1;nr
las;1;adj
lartif;1;nr
largeur;1;nom
laquais;1;nom
langueur;1;nom
languedoc;1;nr
lancéolées;1;nr
lamentable;1;adj
lambris;1;nom
lambiner;1;ver
lambeau;1;nom
lacté;1;adj
lacour;1;nr
laconique;1;adj
labourer;1;ver
jésus;1;nom
juvénilité;1;nom
justiciable;1;adj
jurement;1;nr
jupe;1;nom
juiverie;1;nom
judicieux;1;adj
judas;1;nom
juchoirs;1;nr
joyeusement;1;adv
jovial;1;adj
journellement;1;adv
joufflu;1;adj
jonquille;1;nom
john;1;nr
jockey;1;nom
job;1;nom
jet;1;nom
jeannette;1;nom
jaunir;1;ver
jaspinez;1;nr
jarretière;1;nom
jaquette;1;nom
japper;1;ver
jaillir;1;ver
jacquot;1;nom
jack;1;nom
jaboter;1;ver
itinéraire;1;nom
italie;1;nr
issue;1;nom
isolé;1;adj
iscariote;1;nr
irrésolu;1;adj
irréprochable;1;adj
irrécusable;1;adj
ironiquement;1;adv
irisé;1;adj
iris;1;nom
inébranlable;1;adj
inviter;1;ver
invitation;1;nom
inverse;1;nom
inventeur;1;nom
inventer;1;ver
inventaire;1;nom
invariable;1;adj
inusité;1;adj
intérim;1;nom
intrépidement;1;adv
intrépide;1;adj
introuvable;1;adj
introduirons;1;nr
intriguer;1;ver
intituler;1;ver
intimidation;1;nom
interrogatoire;1;nom
interrogatif;1;adj
interprétation;1;nom
interpeller;1;ver
interpellation;1;nom
intempérie;1;nom
intempérance;1;nom
intelligemment;1;adv
intellectuel;1;adj
instinctif;1;adj
instantanément;1;adv
instamment;1;adv
installer;1;ver
insoucieusement;1;adv
insouciant;1;adj
insinuant;1;adj
insignifiant;1;adj
insatiable;1;adj
inquisiteur;1;adj
inné;1;adj
injuste;1;adj
initiale;1;nom
inimitable;1;adj
ingénument;1;adv
ingénuité;1;nom
ingénieusement;1;adv
inflexible;1;adj
inflexibilité;1;nom
inflammatoire;1;adj
infirmerie;1;nom
infirme;1;adj
infinité;1;nom
infaillible;1;adj
inextinguible;1;adj
inexpérience;1;nom
inexplicable;1;adj
inexorable;1;adj
inestimable;1;adj
indépendant;1;adj
indécemment;1;adv
indompté;1;adj
indomptable;1;adj
indolence;1;nom
individu;1;nom
indispositions;1;nr
indiscret;1;adj
indignerait;1;nr
indigent;1;nom
indifférence;1;nom
indemnisera;1;nr
indemnisait;1;nr
incurable;1;adj
incrédulité;1;nom
incrédule;1;adj
incruster;1;ver
incongru;1;adj
incompréhensible;1;adj
incomplètement;1;adv
incommodité;1;nom
incommoder;1;ver
incommode;1;adj
incolore;1;adj
incisif;1;adj
incertitude;1;nom
incendier;1;ver
incendie;1;nom
incarnat;1;nom
inattention;1;nom
inamovible;1;adj
inaltérable;1;adj
inaccoutumé;1;adj
in_petto;1;adv
impérieusement;1;adv
impur;1;adj
impunément;1;adv
impunité;1;nom
impudent;1;adj
impudence;1;nom
impudemment;1;adv
imprégner;1;ver
imprécation;1;nom
imprimer;1;ver
impressionnable;1;adj
imposteur;1;nom
impossibilité;1;nom
importuner;1;ver
impolitesse;1;nom
implorer;1;ver
implanter;1;ver
impiété;1;nom
impitoyablement;1;adv
impassibilité;1;nom
impasse;1;nom
impardonnable;1;adj
immortel;1;adj
immortaliser;1;ver
immoralité;1;nom
immondice;1;nom
immensité;1;nom
immanquable;1;adj
imbécile;1;nom
imbiber;1;ver
imaginaire;1;adj
illustré;1;adj
illustre;1;adj
illuminer;1;ver
illicite;1;adj
idylle;1;nom
ici_bas;1;adv
héroïque;1;adj
héron;1;nom
hébété;1;adj
hébétement;1;nom
hâle;1;nom
hâbleur;1;nom
hypothèse;1;nom
hypocondriaque;1;adj
hyacinthes;1;nr
hutte;1;nom
hurlement;1;nom
huissier;1;nom
hubart;1;nr
hostilité;1;nom
hospitalier;1;adj
horace;1;nr
honorabilité;1;nom
honnêtement;1;adv
hongrois;1;nom
homélie;1;nom
homicide;1;nom
holocauste;1;nom
hogarth;1;nr
hochet;1;nom
hochement;1;nom
hiéroglyphique;1;adj
historien;1;nom
hirondelle;1;nom
hideur;1;nom
hibou;1;nom
herse;1;nom
hermétiquement;1;adv
henri;1;nr
hennir;1;ver
haïssable;1;adj
haut_le_corps;1;nom
hasardé;1;adj
hasarder;1;ver
harnais;1;nom
harmonieux;1;adj
harmonie;1;nom
hargneux;1;adj
hareng;1;nom
haras;1;nom
hanté;1;adj
hallebarde;1;nom
halle;1;nom
haletant;1;adj
hache;1;nom
habituellement;1;adv
habillement;1;nom
habilissimes;1;nr
gérant;1;nom
génération;1;nom
généralisiez;1;nr
généalogie;1;nom
génie;1;nom
gémissement;1;nom
gâchette;1;nom
guêtre;1;nom
guêpe;1;nom
guérison;1;nom
guéridon;1;nom
guéret;1;nom
guttural;1;adj
guillotine;1;nom
guichet;1;nom
gueule;1;nom
guerroyer;1;ver
guerroie;1;nr
guerrier;1;nom
grossièrement;1;adv
grosseur;1;nom
grondeur;1;adj
gronder;1;ver
grogner;1;ver
grognement;1;nom
grièvement;1;adv
grinché;1;nr
grinches;1;nr
grimer;1;ver
grimaçant;1;adj
grillade;1;nom
grigou;1;nom
greuze;1;nr
grenadilles;1;nr
grenadier;1;nom
grelot;1;nom
gredin;1;nom
graviter;1;ver
graver;1;ver
gratis;1;adv
gratification;1;nom
grangeneuve;1;nr
grandir;1;ver
grand_messe;1;nom
grammaire;1;nom
graisser;1;ver
grade;1;nom
grabat;1;nom
gouépé;1;nr
gouépeur;1;nr
gouverneur;1;nom
gouverner;1;ver
gouvernemental;1;adj
gouvernant;1;nom
goujat;1;nom
gouffre;1;nom
goualer;1;ver
goualante;1;nom
gouailleur;1;adj
gluck;1;nr
glousser;1;ver
glorieux;1;adj
gloire;1;nom
glaçon;1;nom
glapissant;1;adj
glapir;1;ver
glaner;1;ver
gladiateur;1;nom
glabre;1;adj
givre;1;nom
girond;1;adj
giron;1;nom
girandole;1;nom
gigue;1;nom
gigoter;1;ver
gigot;1;nom
gibier;1;nom
geôlier;1;nom
geôle;1;nom
gernaffle;1;nr
gerbe;1;nom
gentiment;1;adv
gent;1;nom
geignant;1;adj
gazouiller;1;ver
gazonnées;1;nr
gazon;1;nom
gazelle;1;nom
gaye;1;nr
gaudriole;1;nom
garnement;1;nom
gargote;1;nom
garce;1;nom
garantie;1;nom
gantelet;1;nom
galère;1;nom
galoper;1;ver
galop;1;nom
galonné;1;adj
gagnant;1;nom
fêter;1;ver
fête_dieu;1;nom
fêlé;1;nom
fêlure;1;nom
fêler;1;ver
fécond;1;adj
fébrile;1;adj
futaine;1;nom
futaie;1;nom
furet;1;nom
fuite;1;nom
frôler;1;ver
frôlement;1;nom
fréquent;1;adj
fréquemment;1;adv
frénésie;1;nom
frémissement;1;nom
frédéric;1;nr
frontière;1;nom
fromage;1;nom
fripier;1;nom
fripait;1;nr
frimer;1;ver
frileux;1;adj
fricoteur;1;nom
fricoterai;1;nr
friche;1;nom
friand;1;adj
frein;1;nom
franchir;1;ver
fracturer;1;ver
fracture;1;nom
fracas;1;nom
foutre;1;ver
fourrure;1;nom
fourneau;1;nom
fourmilleront;1;nr
fourmiller;1;ver
fourchette;1;nom
foulard;1;nom
fouine;1;nom
fouillis;1;nom
fortuné;1;adj
fortifierai;1;nr
fortifier;1;ver
formalité;1;nom
forgeron;1;nom
forger;1;ver
forfait;1;nom
forcément;1;adv
fonte;1;nom
fontaine;1;nom
fondue;1;nom
fondant;1;nom
foncé;1;adj
foncièrement;1;adv
folâtrer;1;ver
fol;1;adj
flûteur;1;nr
flétrissure;1;nom
fléchir;1;ver
flânez;1;nr
flâneuse;1;nom
flotte;1;nom
flot;1;nom
flore;1;nom
flegmatique;1;adj
flamboyant;1;adj
flairer;1;ver
flagrant;1;adj
fixité;1;nom
financier;1;adj
filoche;1;nom
filet;1;nom
fignoler;1;ver
figaro;1;nom
fidèlement;1;adv
ficher;1;ver
ficeler;1;ver
festonnent;1;nr
festin;1;nom
fesse_mathieu;1;nom
fertile;1;adj
ferrure;1;nom
fermenter;1;ver
ferlampier;1;nr
fendre;1;ver
façade;1;nom
favorable;1;adj
fauchants;1;nr
faubourg;1;nom
fatuité;1;nom
fatigue;1;nom
fasciner;1;ver
fascinatrice;1;nr
farnèse;1;nr
fardeau;1;nom
fantôme;1;nom
fangeux;1;adj
fanfaron;1;nom
fanatisme;1;nom
fanatique;1;nom
familièrement;1;adv
fameusement;1;adv
fainéant;1;nom
faiblir;1;ver
faiblement;1;adv
faculté;1;nom
faction;1;nom
factice;1;adj
faciliter;1;ver
fable;1;nom
exécution;1;nom
exécuter;1;ver
exécrable;1;adj
exubérance;1;nom
extraordinairement;1;adv
exterminer;1;ver
expérimenté;1;adj
expérience;1;nom
expédition;1;nom
expédier;1;ver
expédient;1;nom
expressif;1;adj
exploiter;1;ver
expirer;1;ver
expirant;1;adj
expiations;1;nr
expiateur;1;adj
expansif;1;adj
exorbitant;1;adj
exiler;1;ver
exhorter;1;ver
exhaler;1;ver
excuse;1;nom
excité;1;adj
excitation;1;nom
excitant;1;adj
excentrique;1;adj
excentricité;1;nom
exaltant;1;adj
ex;1;nr
etc;1;adv
estimable;1;adj
essoufflé;1;adj
essophas;1;nr
essentiellement;1;adv
essence;1;nom
essai;1;nom
espionner;1;ver
espion;1;nom
espace;1;nom
esculape;1;nr
escroc;1;nom
escrime;1;nom
esclandre;1;nom
escarperais;1;nr
escarper;1;ver
escalader;1;ver
escalade;1;nom
errant;1;adj
ergot;1;nom
envoi;1;nom
enviable;1;adj
enveloppe;1;nom
entêté;1;nom
entrevoir;1;ver
entreprendre;1;ver
entremêler;1;ver
entregent;1;nom
entrefaite;1;nom
entrebâillé;1;adj
entrebâiller;1;ver
entraîneur;1;nom
entraver;1;ver
entrailles;1;nom
entour;1;nom
entortiller;1;ver
entablement;1;nom
ensuivre;1;ver
ensorceler;1;ver
ensevelir;1;ver
ensauvé;1;nr
ensauvais;1;nr
ensanglanter;1;ver
enrôler;1;ver
enrhumer;1;ver
enracinèrent;1;nr
enquérir;1;ver
enlèvement;1;nom
enluminé;1;adj
enlaidir;1;ver
enjoliver;1;ver
enjeu;1;nom
enjambement;1;nom
enivrer;1;ver
enivrement;1;nom
enivrant;1;adj
engourdi;1;adj
engouffrer;1;ver
engouer;1;ver
engouement;1;nom
engloutir;1;ver
enfumer;1;ver
enfreindre;1;ver
enfourner;1;ver
enfouir;1;ver
enflaqués;1;nr
enflammer;1;ver
endêver;1;ver
endurer;1;ver
enduire;1;ver
encre;1;nom
enchanter;1;ver
encaisser;1;ver
encaissement;1;nom
encadrant;1;adj
en_catimini;1;adv
empoisonnât;1;nr
empoisonnerait;1;nr
emplumé;1;adj
emplir;1;ver
emplacement;1;nom
emphatique;1;adj
emphase;1;nom
empeser;1;ver
empaumé;1;nr
empaumer;1;ver
empanaché;1;adj
empaillé;1;adj
emmêlé;1;adj
emmêler;1;ver
emménagement;1;nom
emmancher;1;ver
embêter;1;ver
embrouillons;1;nr
embrouiller;1;ver
embosser;1;ver
emblème;1;nom
embaucheuses;1;nr
embaucher;1;ver
efféminé;1;adj
effronté;1;adj
effronterie;1;nom
effeuiller;1;ver
effervescent;1;adj
effarouché;1;adj
effaroucher;1;ver
effarer;1;ver
dôme;1;nom
dévot;1;nom
dévorant;1;adj
dévidez;1;nr
dévides;1;nr
dévider;1;ver
dévalisa;1;nr
détrôner;1;ver
détresse;1;nom
détourner;1;ver
détour;1;nom
déterrer;1;ver
détention;1;nom
détendre;1;ver
détaler;1;ver
désorganiser;1;ver
désolant;1;adj
désobéir;1;ver
désireux;1;adj
désinvolture;1;nom
désintéressé;1;adj
déshonorer;1;ver
désappointer;1;ver
désappointement;1;nom
dérégler;1;ver
déraisonnable;1;adj
dépêtrer;1;ver
déprécier;1;ver
déprisonner;1;nr
dépravé;1;nom
dépravation;1;nom
dépouille;1;nom
déposséder;1;ver
déposition;1;nom
dépit;1;nom
dépenaillé;1;nom
dépecer;1;ver
départirait;1;nr
déparent;1;nr
dépareillé;1;adj
dénuer;1;ver
dénuement;1;nom
dénoûment;1;nr
dénicher;1;ver
dénaturer;1;ver
démêler;1;ver
déménager;1;ver
démontrer;1;ver
démocratique;1;adj
démesurément;1;adv
démesurer;1;ver
démentir;1;ver
démence;1;nom
démantibuler;1;ver
déluge;1;nom
délivrance;1;nom
délire;1;nom
délicieusement;1;adv
délibération;1;nom
délation;1;nom
délaissé;1;adj
délabré;1;adj
déjouer;1;ver
déguerpir;1;ver
dégradé;1;adj
dégoutter;1;ver
dégouttant;1;adj
dégourdirait;1;nr
dégoiser;1;ver
dégainer;1;ver
dégager;1;ver
défouraillera;1;nr
défoncer;1;ver
définitivement;1;adv
défiler;1;ver
défigurer;1;ver
défi;1;nom
défaillant;1;adj
dédommager;1;ver
dédommagement;1;nom
dédit;1;nom
dédisant;1;nr
dédaigneux;1;adj
dédaigneusement;1;adv
décroiser;1;ver
décrivons;1;nr
décourager;1;ver
déconvenue;1;nom
décoiffer;1;ver
déclin;1;nom
décisif;1;adj
déchiré;1;adj
déchiffrer;1;ver
décevoir;1;ver
déceler;1;ver
décacheter;1;ver
débuter;1;ver
début;1;nom
débiter;1;ver
débit;1;nom
débile;1;adj
débauche;1;nom
débardais;1;nr
débarbouiller;1;ver
dé;1;nom
duvet;1;nom
durée;1;nom
durement;1;adv
durcir;1;ver
durand;1;nr
duplicité;1;nom
duper;1;ver
duo;1;nom
dumont;1;nr
duelliste;1;nom
duel;1;nom
drôlement;1;adv
droiture;1;nom
droguerie;1;nom
douzaine;1;nom
douillet;1;adj
doucereux;1;adj
dot;1;nom
dose;1;nom
dorure;1;nom
doctoral;1;adj
dizaine;1;nom
division;1;nom
divinité;1;nom
distinctement;1;adv
dissipateur;1;nom
dissentiment;1;nom
disproportionner;1;ver
disponible;1;adj
disgracieux;1;adj
diseur;1;nom
discussion;1;nom
discrètement;1;adv
discret;1;adj
discontinua;1;nr
discipliné;1;adj
discipline;1;nom
diplomate;1;nom
dindon;1;nom
difformité;1;nom
difforme;1;adj
dictée;1;nom
diaphane;1;adj
diamanté;1;adj
diamanter;1;ver
diablement;1;adv
devanture;1;nom
destin;1;nom
desservir;1;ver
despote;1;nom
description;1;nom
denrée;1;nom
demi_sérieuse;1;nr
demi_sourire;1;nom
demi_plaisante;1;nr
demi_mot;1;nom
demi_douzaine;1;nom
demi_confidences;1;nr
dauphin;1;nom
dattier;1;nom
dare_dare;1;adv
danseur;1;nom
dangereusement;1;adv
damné;1;adj
damas;1;nom
daller;1;ver
dalle;1;nom
côtoyions;1;nr
côte;1;nom
cérémonial;1;nom
célébrer;1;ver
célèbre;1;adj
céleste;1;adj
céladon;1;nom
cygne;1;nom
cyclamen;1;nom
curieusement;1;adv
cupidon;1;nom
cupidité;1;nom
cultivé;1;adj
cultiver;1;ver
cultivateur;1;nom
culinaire;1;adj
cuivré;1;adj
cuisse;1;nom
cuirassé;1;adj
cuillerée;1;nom
crûment;1;adv
crépuscule;1;nom
crépusculaire;1;adj
crépines;1;nr
créer;1;ver
création;1;nom
crucifix;1;nom
cru;1;adj
croupissant;1;adj
croquer;1;ver
crocheter;1;ver
croc_en_jambe;1;nom
croc;1;nom
crise;1;nom
criminellement;1;adv
criminalistes;1;nr
crierons;1;nr
crible;1;nom
crapuleux;1;adj
crapule;1;nom
crampon;1;nom
crampe;1;nom
crabb;1;nr
couvent;1;nom
couture;1;nom
cousu;1;adj
courtoisie;1;nom
courtier;1;nom
couronné;1;adj
couramment;1;adv
couperoser;1;ver
coudoyèrent;1;nr
coudoyer;1;ver
couche;1;nom
couchant;1;adj
cou_de_pied;1;nom
cotonnade;1;nom
cothurne;1;nom
costument;1;nr
corvée;1;nom
corsage;1;nom
corrosif;1;adj
corroder;1;ver
corroborer;1;ver
corridor;1;nom
correctionnel;1;nom
correction;1;nom
corpulent;1;adj
corinthe;1;nom
cordonnier;1;nom
cordialité;1;nom
coquin;1;nom
coquettement;1;adv
coquet;1;adj
copie;1;nom
convoitise;1;nom
convoiter;1;ver
convalescent;1;adj
convalescence;1;nom
contusion;1;nom
contretemps;1;nom
contremarche;1;nr
contrecoup;1;nom
contrecarrer;1;ver
contrebande;1;nom
contrasteront;1;nr
contraindre;1;ver
contraignez;1;nr
contourner;1;ver
contour;1;nom
contorsion;1;nom
continuel;1;adj
continent;1;nom
contenu;1;nom
contentement;1;nom
contempteur;1;nom
contemporain;1;nom
contemplatif;1;nom
conte;1;nom
contact;1;nom
conséquence;1;nom
conséquemment;1;adv
consultant;1;nom
constitutionnel;1;adj
constater;1;ver
constamment;1;adv
conspirer;1;ver
conspirateur;1;nom
consommer;1;ver
consommateur;1;nom
consolidé;1;adj
consolateur;1;adj
consister;1;ver
consignation;1;nom
considérablement;1;adv
conscription;1;nom
conjurer;1;ver
conjugal;1;adj
conjecture;1;nom
congrès;1;nom
conférence;1;nom
confusément;1;adv
confortablement;1;adv
confortable;1;adj
conforme;1;adj
confirmé;1;adj
confession;1;nom
condé;1;nom
conditionnellement;1;adv
condescendance;1;nom
condamnable;1;adj
concéder;1;ver
concourrons;1;nr
concourir;1;ver
concevra;1;nr
concevable;1;adj
concerner;1;ver
concentrer;1;ver
comédien;1;nom
compromettrais;1;nr
compromettant;1;adj
composition;1;nom
complu;1;adj
comploter;1;ver
complication;1;nom
complexion;1;nom
complaisant;1;adj
compenser;1;ver
compensation;1;nom
compartiment;1;nom
comparable;1;adj
communiqué;1;nom
communication;1;nom
communicatif;1;adj
commuer;1;ver
commodité;1;nom
commission;1;nom
commercial;1;adj
commandeur;1;nom
combustion;1;nom
combiner;1;ver
combattant;1;nom
combat;1;nom
coloration;1;nom
coloquinte;1;nom
colonne;1;nom
collerette;1;nom
coller;1;ver
collant;1;adj
collaborateur;1;nom
col;1;nom
cogner;1;ver
cogitation;1;nom
cochon;1;nom
clôture;1;nom
clouer;1;ver
clopiner;1;ver
cloaque;1;nom
cligner;1;ver
clignement;1;nom
client;1;nom
claudine;1;nr
classiquement;1;adv
classer;1;ver
clampin;1;nom
clairvoyant;1;adj
clairement;1;adv
clair_obscur;1;nom
civilement;1;adv
civil;1;adj
civette;1;nom
cirer;1;ver
circonspect;1;adj
cinquième;1;adj
chêne;1;nom
chétif;1;adj
châtaigneraie;1;nom
châssis;1;nom
chuchoter;1;ver
chrétien;1;adj
christ;1;nom
choyé;1;adj
chourinés;1;nr
chouriné;1;nr
chourine;1;nr
chourinades;1;nr
chourin;1;nr
choquer;1;ver
choléra;1;nom
cholettes;1;nr
choisy;1;nr
chirurgien;1;nom
chirurgie;1;nom
chiourme;1;nom
chinchilla;1;nom
chimère;1;nom
chimique;1;adj
chiffarde;1;nr
chevreuil;1;nom
chevaucher;1;ver
chevaleresque;1;adj
chaînette;1;nom
chaux;1;nom
chasteté;1;nom
charnel;1;adj
charmille;1;nom
charade;1;nom
chantre;1;nom
chant;1;nom
changement;1;nom
chandelle;1;nom
chancellerie;1;nom
chanceler;1;ver
chancelant;1;adj
chambrette;1;nom
chambranle;1;nom
chamboran;1;nr
chaleur;1;nom
chaillot;1;nr
cerveau;1;nom
cerisier;1;nom
cerf;1;nom
cercler;1;ver
cep;1;nom
cendré;1;adj
cellier;1;nom
ceindre;1;ver
ceignît;1;nr
caverne;1;nom
catéchisme;1;nom
cathédrale;1;nom
catholique;1;adj
catacombe;1;nom
cassines;1;nr
casse_noisettes;1;nom
cascade;1;nom
casaquin;1;nom
cartilage;1;nom
carrément;1;adv
carrosse;1;nom
carrier;1;nom
carrick;1;nom
carrer;1;ver
carotter;1;ver
carnet;1;nom
carnage;1;nom
carmélite;1;nom
carline;1;nr
carillonner;1;ver
caresser;1;ver
caractéristique;1;nom
caractériser;1;ver
carabine;1;nom
caqueter;1;ver
capuchon;1;nom
capsule;1;nom
capricieux;1;adj
capresses;1;nr
capoue;1;nr
capon;1;adj
capital;1;nom
capitaine;1;nom
capillaire;1;adj
caparaçonner;1;ver
capahut;1;nr
cap;1;nom
canette;1;nom
canal;1;nom
camper;1;ver
cambré;1;adj
camard;1;adj
calèche;1;nom
cadavéreux;1;adj
cabanon;1;nom
cabane;1;nom
cabalistique;1;adj
bêlèrent;1;nr
bêlement;1;nom
bénédiction;1;nom
bélier;1;nom
bédouin;1;adj
bécasse;1;nom
bâillonner;1;ver
bâillon;1;nom
buveur;1;nom
butte;1;nom
buse;1;nom
burglen;1;nr
bulle;1;nom
bull;1;nom
buffet;1;nom
bruyamment;1;adv
brutalité;1;nom
brutalement;1;adv
brunette;1;nom
bruissement;1;nom
bruire;1;ver
broyer;1;ver
brouillerie;1;nr
brouette;1;nom
brosseur;1;nom
bronze;1;nom
broderie;1;nom
britannique;1;adj
brisé;1;adj
briska;1;nr
brique;1;nom
brin;1;nom
brie;1;nom
bridé;1;adj
brevet;1;nom
bravât;1;nr
bravoure;1;nom
bravement;1;adv
brassière;1;nom
brasseur;1;nom
brandir;1;ver
braise;1;nom
boxeur;1;nom
boxer;1;ver
boutade;1;nom
bousculer;1;ver
boursouflé;1;adj
bourreler;1;ver
bourgeron;1;nom
bourgeonner;1;ver
bourdonnement;1;nom
bourdon;1;nom
bourbe;1;nom
boulotte;1;nom
bouillonner;1;ver
bouillie;1;nom
bouillant;1;adj
bouffon;1;nom
bouffi;1;adj
bouderie;1;nom
boucler;1;ver
bouchée;1;nom
botté;1;adj
bottine;1;nom
botanique;1;adj
bot;1;adj
bossu;1;nom
boréal;1;adj
border;1;ver
bonnement;1;adv
bonhomme;1;nom
bol;1;nom
boisson;1;nom
blondinet;1;adj
bleuir;1;ver
blessure;1;nom
blasphémer;1;ver
blasonner;1;ver
blanchisseur;1;nom
blanchissage;1;nom
blaguer;1;ver
bière;1;nom
bivarder;1;nr
bistré;1;adj
biscuit;1;nom
bilieux;1;adj
bijouterie;1;nom
bignonia;1;nr
bienheureux;1;adj
bidet;1;nom
beurre;1;nom
besogne;1;nom
bertrand;1;nr
berline;1;nom
bergerie;1;nom
benêt;1;nom
belvédère;1;nom
beaune;1;nr
beaujon;1;nr
bazards;1;nr
bavolet;1;nr
bavette;1;nom
bavard;1;adj
baucis;1;nr
batiste;1;nom
batignolles;1;nr
bateleur;1;nom
bataillon;1;nom
batailler;1;ver
bassesse;1;nom
bassement;1;adv
basculer;1;ver
basane;1;nom
barrer;1;ver
barnabé;1;nr
barbu;1;adj
barbouillage;1;nom
barbillon;1;nom
bar;1;nom
balustre;1;nom
balsamique;1;adj
balbutier;1;ver
balancement;1;nom
baigner;1;ver
bague;1;nom
badiner;1;ver
badin;1;adj
badaud;1;nom
bachique;1;adj
bacchus;1;nr
bacchanal;1;nom
babil;1;nom
ba;1;nr
aïeul;1;nom
aîné;1;nom
azuré;1;adj
avilir;1;ver
avignon;1;nr
avidité;1;nom
aveugler;1;ver
aveuglement;1;nom
avarice;1;nom
avantageux;1;adj
avant_veille;1;nom
avant_poste;1;nom
avant_dernier;1;adj
avant_bras;1;nom
avancé;1;adj
avaloir;1;nr
avaler;1;ver
autriche;1;nr
autor;1;nr
auteur;1;nom
autel;1;nom
austérité;1;nom
auréole;1;nom
auprès_desquels;1;nr
auprès_des;1;nr
augure;1;nom
audience;1;nom
audacieusement;1;adv
aubépine;1;nom
aubaine;1;nom
attraction;1;nom
attifer;1;ver
attelle;1;nom
attarder;1;ver
attaquable;1;adj
atrocité;1;nom
atrocement;1;adv
atome;1;nom
atmosphère;1;nom
atlas;1;nom
athlète;1;nom
astucieux;1;adj
assujettissez;1;nr
assujettissant;1;adj
assujettir;1;ver
assouplir;1;ver
assommais;1;nr
assombrir;1;ver
association;1;nom
assiéger;1;ver
assimiler;1;ver
assiduité;1;nom
assertion;1;nom
assembler;1;ver
assaisonner;1;ver
aspirer;1;ver
aspirant;1;nom
asphyxie;1;nom
asie;1;nr
asclépiades;1;nr
ascension;1;nom
ascendant;1;adj
artère;1;nom
artaban;1;nr
arrêt;1;nom
arrondi;1;adj
arriéré;1;nom
arrière_pensée;1;nom
arrière_boutique;1;nom
aromatique;1;adj
armurier;1;nom
armoire;1;nom
argousin;1;nom
argentin;1;adj
argentaient;1;nr
arey;1;nr
arche;1;nom
arc_bouternt;1;nr
arc_bouter;1;ver
aratoire;1;adj
arabesque;1;nom
arabe;1;nom
aquilin;1;adj
après_deux;1;nr
après_des;1;nr
apprêter;1;ver
approuver;1;ver
approbation;1;nom
appointement;1;nom
application;1;nom
applicable;1;adj
appellation;1;nom
apostropher;1;ver
aplomb;1;nom
api;1;nom
apathie;1;nom
antécédent;1;nom
antoine;1;nr
antiquité;1;nom
antipode;1;nom
antipathique;1;adj
antinoüs;1;nr
antif;1;nr
anticonjugal;1;nr
anonyme;1;adj
anomalie;1;nom
annuler;1;ver
annuellement;1;adv
anniversaire;1;nom
aménité;1;nom
amélioration;1;nom
amphitryon;1;nom
amphibie;1;adj
amonceler;1;ver
amollira;1;nr
amoindrir;1;ver
amicalement;1;adv
ambre;1;nom
ambitionneriez;1;nr
ambitionnerais;1;nr
ambitionner;1;ver
amasser;1;ver
amaigrir;1;ver
amaigri;1;adj
amadouer;1;ver
altération;1;nom
alternativement;1;adv
alternative;1;nom
aloès;1;nom
alouette;1;nom
allégoriquement;1;adv
allègrement;1;adv
allusion;1;nom
allonger;1;ver
alliance;1;nom
alliaient;1;nr
aliéner;1;ver
aliter;1;ver
aligner;1;ver
alexandre;1;nr
alcides;1;nr
alcibiade;1;nom
albâtre;1;nom
aisé;1;adj
ais;1;nom
airain;1;nom
ailer;1;ver
aigue_marine;1;nom
aigrette;1;nom
aigrement;1;adv
aguiché;1;nr
agréât;1;nr
agréablement;1;adv
agriculture;1;nom
agricole;1;adj
agonisant;1;nom
agilité;1;nom
agile;1;adj
agenouiller;1;ver
agacer;1;ver
affût;1;nom
affréter;1;ver
affinité;1;nom
afficher;1;ver
affectuosité;1;nr
affectueusement;1;adv
affamer;1;ver
affairé;1;adj
affable;1;adj
aduler;1;ver
adoucir;1;ver
adosser;1;ver
adorateur;1;nom
adopter;1;ver
adonner;1;ver
adolphe;1;nr
admirateur;1;nom
administrer;1;ver
administration;1;nom
adjudant;1;nom
actuel;1;adj
actif;1;adj
acteur;1;nom
acquit;1;nom
acquisition;1;nom
achevé;1;adj
acheminerons;1;nr
acharné;1;adj
accéder;1;ver
accueil;1;nom
accroîtrez;1;nr
accoutumer;1;ver
accoster;1;ver
accord;1;nom
accointance;1;nom
accablant;1;adj
académique;1;adj
acacia;1;nom
abîmais;1;nr
absurdité;1;nom
absoute;1;nom
absolution;1;nom
absolu;1;adj
abrutissant;1;adj
abrité;1;adj
abricot;1;nom
abreuver;1;ver
aboute;1;nr
abouchèrent;1;nr
aborder;1;ver
abord;1;nom
aboiement;1;nom
abhorrer;1;ver
aberration;1;nom
abbaye;1;nom
abasourdir;1;ver
abaissant;1;adj