10;1;num
14;1;num
15;1;num
1764;1;num
1803;1;num
1808;1;num
1828;1;num
19;1;num
36;1;num
41;1;num
9;1;num
92;1;num
abaissant;1;adj
abasourdir;1;ver
abbaye;1;nom
aberration;1;nom
abhorrer;1;ver
aboiement;1;nom
abord;1;nom
aborder;1;ver
abouchèrent;1;nr
aboute;1;nr
abreuver;1;ver
abricot;1;nom
abrité;1;adj
abrutissant;1;adj
absolu;1;adj
absolution;1;nom
absoute;1;nom
absurdité;1;nom
abîmais;1;nr
acacia;1;nom
académique;1;adj
accablant;1;adj
accointance;1;nom
accord;1;nom
accoster;1;ver
accoutumer;1;ver
accroîtrez;1;nr
accueil;1;nom
accéder;1;ver
acharné;1;adj
acheminerons;1;nr
achevé;1;adj
acquisition;1;nom
acquit;1;nom
acteur;1;nom
actif;1;adj
actuel;1;adj
adjudant;1;nom
administration;1;nom
administrer;1;ver
admirateur;1;nom
adolphe;1;nr
adonner;1;ver
adopter;1;ver
adorateur;1;nom
adosser;1;ver
adoucir;1;ver
aduler;1;ver
affable;1;adj
affairé;1;adj
affamer;1;ver
affectueusement;1;adv
affectuosité;1;nr
afficher;1;ver
affinité;1;nom
affréter;1;ver
affût;1;nom
agacer;1;ver
agenouiller;1;ver
agile;1;adj
agilité;1;nom
agonisant;1;nom
agricole;1;adj
agriculture;1;nom
agréablement;1;adv
agréât;1;nr
aguiché;1;nr
aigrement;1;adv
aigrette;1;nom
aigue_marine;1;nom
ailer;1;ver
airain;1;nom
ais;1;nom
aisé;1;adj
albâtre;1;nom
alcibiade;1;nom
alcides;1;nr
alentour;1;nom_sup
alexandre;1;nr
aligner;1;ver
aliter;1;ver
aliéner;1;ver
alliaient;1;nr
alliance;1;nom
allonger;1;ver
allusion;1;nom
allègrement;1;adv
allégoriquement;1;adv
alouette;1;nom
aloès;1;nom
alternative;1;nom
alternativement;1;adv
altération;1;nom
amadouer;1;ver
amaigri;1;adj
amaigrir;1;ver
amasser;1;ver
ambitionner;1;ver
ambitionnerais;1;nr
ambitionneriez;1;nr
ambre;1;nom
amicalement;1;adv
amoindrir;1;ver
amollira;1;nr
amonceler;1;ver
amphibie;1;adj
amphitryon;1;nom
amélioration;1;nom
aménité;1;nom
anniversaire;1;nom
annuellement;1;adv
annuler;1;ver
anomalie;1;nom
anonyme;1;adj
anticonjugal;1;nr
antif;1;nr
antinoüs;1;nr
antipathique;1;adj
antipode;1;nom
antiquité;1;nom
antoine;1;nr
antécédent;1;nom
apathie;1;nom
api;1;nom
aplomb;1;nom
apostropher;1;ver
appellation;1;nom
applicable;1;adj
application;1;nom
appointement;1;nom
approbation;1;nom
approuver;1;ver
apprêter;1;ver
après_des;1;nr
après_deux;1;nr
aquilin;1;adj
arabe;1;nom
arabesque;1;nom
aratoire;1;adj
arc_bouter;1;ver
arc_bouternt;1;nr
arche;1;nom
arey;1;nr
argentaient;1;nr
argentin;1;adj
argousin;1;nom
armoire;1;nom
armurier;1;nom
aromatique;1;adj
arrière_boutique;1;nom
arrière_pensée;1;nom
arriéré;1;nom
arrondi;1;adj
arrêt;1;nom
artaban;1;nr
artère;1;nom
ascendant;1;adj
ascension;1;nom
asclépiades;1;nr
asie;1;nr
asphyxie;1;nom
aspirant;1;nom
aspirer;1;ver
assaisonner;1;ver
assembler;1;ver
assertion;1;nom
assiduité;1;nom
assimiler;1;ver
assiéger;1;ver
association;1;nom
assombrir;1;ver
assommais;1;nr
assouplir;1;ver
assujettir;1;ver
assujettissant;1;adj
assujettissez;1;nr
astucieux;1;adj
athlète;1;nom
atlas;1;nom
atmosphère;1;nom
atome;1;nom
atrocement;1;adv
atrocité;1;nom
attaquable;1;adj
attarder;1;ver
attelle;1;nom
attifer;1;ver
attraction;1;nom
aubaine;1;nom
aubépine;1;nom
audacieusement;1;adv
audience;1;nom
augure;1;nom
auprès_des;1;nr
auprès_desquels;1;nr
auréole;1;nom
austérité;1;nom
autel;1;nom
auteur;1;nom
autor;1;nr
autriche;1;nr
avaler;1;ver
avaloir;1;nr
avancé;1;adj
avant_bras;1;nom
avant_dernier;1;adj
avant_poste;1;nom
avant_veille;1;nom
avantageux;1;adj
avarice;1;nom
aveuglement;1;nom
aveugler;1;ver
avidité;1;nom
avignon;1;nr
avilir;1;ver
azuré;1;adj
aîné;1;nom
aïeul;1;nom
b;1;nom_sup
ba;1;nr
babil;1;nom
bacchanal;1;nom
bacchus;1;nr
bachique;1;adj
badaud;1;nom
badin;1;adj
badiner;1;ver
bague;1;nom
baigner;1;ver
balancement;1;nom
balbutier;1;ver
balsamique;1;adj
balustre;1;nom
bar;1;nom
barbillon;1;nom
barbouillage;1;nom
barbu;1;adj
barnabé;1;nr
barrer;1;ver
basane;1;nom
basculer;1;ver
bassement;1;adv
bassesse;1;nom
batailler;1;ver
bataillon;1;nom
bateleur;1;nom
batignolles;1;nr
batiste;1;nom
baucis;1;nr
bavard;1;adj
bavette;1;nom
bavolet;1;nr
bazards;1;nr
beaujon;1;nr
beaune;1;nr
belvédère;1;nom
ben;1;nom_sup
benêt;1;nom
bergerie;1;nom
berline;1;nom
bertrand;1;nr
besogne;1;nom
beurre;1;nom
bidet;1;nom
bienheureux;1;adj
bignonia;1;nr
bijouterie;1;nom
bilieux;1;adj
biscuit;1;nom
bistré;1;adj
bivarder;1;nr
bière;1;nom
blaguer;1;ver
blanchissage;1;nom
blanchisseur;1;nom
blasonner;1;ver
blasphémer;1;ver
blessure;1;nom
bleuir;1;ver
blondinet;1;adj
boisson;1;nom
bol;1;nom
bonhomme;1;nom
bonnement;1;adv
border;1;ver
boréal;1;adj
bossu;1;nom
bot;1;adj
botanique;1;adj
bottine;1;nom
botté;1;adj
bouchée;1;nom
boucler;1;ver
bouderie;1;nom
bouffi;1;adj
bouffon;1;nom
bouillant;1;adj
bouillie;1;nom
bouillonner;1;ver
boulotte;1;nom
bourbe;1;nom
bourdon;1;nom
bourdonnement;1;nom
bourgeonner;1;ver
bourgeron;1;nom
bourreler;1;ver
boursouflé;1;adj
bousculer;1;ver
boutade;1;nom
boxer;1;ver
boxeur;1;nom
braise;1;nom
brandir;1;ver
brasseur;1;nom
brassière;1;nom
bravement;1;adv
bravoure;1;nom
bravât;1;nr
brevet;1;nom
bridé;1;adj
brie;1;nom
brin;1;nom
brique;1;nom
briska;1;nr
brisé;1;adj
britannique;1;adj
broderie;1;nom
bronze;1;nom
brosseur;1;nom
brouette;1;nom
brouillerie;1;nr
broyer;1;ver
bruire;1;ver
bruissement;1;nom
brunette;1;nom
brutalement;1;adv
brutalité;1;nom
bruyamment;1;adv
buffet;1;nom
bull;1;nom
bulle;1;nom
burglen;1;nr
buse;1;nom
butte;1;nom
buveur;1;nom
bâillon;1;nom
bâillonner;1;ver
bécasse;1;nom
bédouin;1;adj
bélier;1;nom
bénédiction;1;nom
bêlement;1;nom
bêlèrent;1;nr
cabalistique;1;adj
cabane;1;nom
cabanon;1;nom
cadavéreux;1;adj
calèche;1;nom
camard;1;adj
cambré;1;adj
camper;1;ver
canal;1;nom
canette;1;nom
cap;1;nom
capahut;1;nr
caparaçonner;1;ver
capillaire;1;adj
capitaine;1;nom
capital;1;nom
capon;1;adj
capoue;1;nr
capresses;1;nr
capricieux;1;adj
capsule;1;nom
capuchon;1;nom
caqueter;1;ver
carabine;1;nom
caractériser;1;ver
caractéristique;1;nom
caresser;1;ver
carillonner;1;ver
carline;1;nr
carmélite;1;nom
carnage;1;nom
carnet;1;nom
carotter;1;ver
carrer;1;ver
carrick;1;nom
carrier;1;nom
carrosse;1;nom
carrément;1;adv
cartilage;1;nom
casaquin;1;nom
cascade;1;nom
casse_noisettes;1;nom
cassines;1;nr
catacombe;1;nom
catholique;1;adj
cathédrale;1;nom
catéchisme;1;nom
caverne;1;nom
ceignît;1;nr
ceindre;1;ver
cellier;1;nom
cendré;1;adj
cep;1;nom
cercler;1;ver
cerf;1;nom
cerisier;1;nom
cerveau;1;nom
ceux_là;1;pro_dem
chaillot;1;nr
chaleur;1;nom
chamboran;1;nr
chambranle;1;nom
chambrette;1;nom
chancelant;1;adj
chanceler;1;ver
chancellerie;1;nom
chandelle;1;nom
changement;1;nom
chant;1;nom
chantre;1;nom
charade;1;nom
charmille;1;nom
charnel;1;adj
chasteté;1;nom
chaux;1;nom
chaînette;1;nom
chevaleresque;1;adj
chevaucher;1;ver
chevreuil;1;nom
chiche;1;ono
chiffarde;1;nr
chimique;1;adj
chimère;1;nom
chinchilla;1;nom
chiourme;1;nom
chirurgie;1;nom
chirurgien;1;nom
choisy;1;nr
cholettes;1;nr
choléra;1;nom
choquer;1;ver
chourin;1;nr
chourinades;1;nr
chourine;1;nr
chouriné;1;nr
chourinés;1;nr
choyé;1;adj
christ;1;nom
chrétien;1;adj
chuchoter;1;ver
châssis;1;nom
châtaigneraie;1;nom
chétif;1;adj
chêne;1;nom
cinquième;1;adj
circonspect;1;adj
cirer;1;ver
civette;1;nom
civil;1;adj
civilement;1;adv
clair_obscur;1;nom
clairement;1;adv
clairvoyant;1;adj
clampin;1;nom
classer;1;ver
classiquement;1;adv
claudine;1;nr
client;1;nom
clignement;1;nom
cligner;1;ver
cloaque;1;nom
clopiner;1;ver
clouer;1;ver
clôture;1;nom
cochon;1;nom
cogitation;1;nom
cogner;1;ver
col;1;nom
collaborateur;1;nom
collant;1;adj
coller;1;ver
collerette;1;nom
colonne;1;nom
coloquinte;1;nom
coloration;1;nom
combat;1;nom
combattant;1;nom
combiner;1;ver
combustion;1;nom
commandeur;1;nom
commercial;1;adj
commission;1;nom
commodité;1;nom
commuer;1;ver
communicatif;1;adj
communication;1;nom
communiqué;1;nom
comparable;1;adj
compartiment;1;nom
compensation;1;nom
compenser;1;ver
complaisant;1;adj
complexion;1;nom
complication;1;nom
comploter;1;ver
complu;1;adj
composition;1;nom
compromettant;1;adj
compromettrais;1;nr
comédien;1;nom
concentrer;1;ver
concerner;1;ver
concevable;1;adj
concevra;1;nr
concourir;1;ver
concourrons;1;nr
concéder;1;ver
condamnable;1;adj
condescendance;1;nom
conditionnellement;1;adv
condé;1;nom
confession;1;nom
confirmé;1;adj
conforme;1;adj
confortable;1;adj
confortablement;1;adv
confusément;1;adv
conférence;1;nom
congrès;1;nom
conjecture;1;nom
conjugal;1;adj
conjurer;1;ver
conscription;1;nom
considérablement;1;adv
consignation;1;nom
consister;1;ver
consolateur;1;adj
consolidé;1;adj
consommateur;1;nom
consommer;1;ver
conspirateur;1;nom
conspirer;1;ver
constamment;1;adv
constater;1;ver
constitutionnel;1;adj
consultant;1;nom
conséquemment;1;adv
conséquence;1;nom
contact;1;nom
conte;1;nom
contemplatif;1;nom
contemporain;1;nom
contempteur;1;nom
contentement;1;nom
contenu;1;nom
continent;1;nom
continuel;1;adj
contorsion;1;nom
contour;1;nom
contourner;1;ver
contraignez;1;nr
contraindre;1;ver
contrasteront;1;nr
contrebande;1;nom
contrecarrer;1;ver
contrecoup;1;nom
contremarche;1;nr
contretemps;1;nom
contusion;1;nom
convalescence;1;nom
convalescent;1;adj
convoiter;1;ver
convoitise;1;nom
copie;1;nom
coquet;1;adj
coquettement;1;adv
coquin;1;nom
cordialité;1;nom
cordonnier;1;nom
corinthe;1;nom
corpulent;1;adj
correction;1;nom
correctionnel;1;nom
corridor;1;nom
corroborer;1;ver
corroder;1;ver
corrosif;1;adj
corsage;1;nom
corvée;1;nom
costument;1;nr
cothurne;1;nom
cotonnade;1;nom
cou_de_pied;1;nom
couchant;1;adj
couche;1;nom
coudoyer;1;ver
coudoyèrent;1;nr
couperoser;1;ver
couramment;1;adv
couronné;1;adj
courtier;1;nom
courtoisie;1;nom
cousu;1;adj
couture;1;nom
couvent;1;nom
crabb;1;nr
crampe;1;nom
crampon;1;nom
crapule;1;nom
crapuleux;1;adj
crible;1;nom
crierons;1;nr
criminalistes;1;nr
criminellement;1;adv
crise;1;nom
croc;1;nom
croc_en_jambe;1;nom
crocheter;1;ver
croquer;1;ver
croupissant;1;adj
cru;1;adj
crucifix;1;nom
création;1;nom
créer;1;ver
crépines;1;nr
crépusculaire;1;adj
crépuscule;1;nom
crûment;1;adv
cuillerée;1;nom
cuirassé;1;adj
cuisse;1;nom
cuivré;1;adj
culinaire;1;adj
cultivateur;1;nom
cultiver;1;ver
cultivé;1;adj
cupidité;1;nom
cupidon;1;nom
curieusement;1;adv
cyclamen;1;nom
cygne;1;nom
céladon;1;nom
céleste;1;adj
célèbre;1;adj
célébrer;1;ver
cérémonial;1;nom
côte;1;nom
côtoyions;1;nr
dalle;1;nom
daller;1;ver
damas;1;nom
damné;1;adj
dangereusement;1;adv
danseur;1;nom
dare_dare;1;adv
dattier;1;nom
dauphin;1;nom
demi_confidences;1;nr
demi_douzaine;1;nom
demi_mot;1;nom
demi_plaisante;1;nr
demi_sourire;1;nom
demi_sérieuse;1;nr
denrée;1;nom
description;1;nom
despote;1;nom
desquelles;1;pro_rel
desservir;1;ver
destin;1;nom
devanture;1;nom
diablement;1;adv
diamanter;1;ver
diamanté;1;adj
diaphane;1;adj
dictée;1;nom
difforme;1;adj
difformité;1;nom
dindon;1;nom
diplomate;1;nom
discipline;1;nom
discipliné;1;adj
discontinua;1;nr
discret;1;adj
discrètement;1;adv
discussion;1;nom
diseur;1;nom
disgracieux;1;adj
disponible;1;adj
disproportionner;1;ver
dissentiment;1;nom
dissipateur;1;nom
distinctement;1;adv
divinité;1;nom
division;1;nom
dizaine;1;nom
doctoral;1;adj
dommage;1;ono
dorure;1;nom
dose;1;nom
dot;1;nom
doucereux;1;adj
douillet;1;adj
douzaine;1;nom
droguerie;1;nom
droiture;1;nom
drôlement;1;adv
dudit;1;pre
duel;1;nom
duelliste;1;nom
dumont;1;nr
duo;1;nom
duper;1;ver
duplicité;1;nom
durand;1;nr
durcir;1;ver
durement;1;adv
durée;1;nom
duvet;1;nom
dé;1;nom
débarbouiller;1;ver
débardais;1;nr
débauche;1;nom
débile;1;adj
débit;1;nom
débiter;1;ver
début;1;nom
débuter;1;ver
décacheter;1;ver
déceler;1;ver
décevoir;1;ver
déchiffrer;1;ver
déchiré;1;adj
décisif;1;adj
déclin;1;nom
décoiffer;1;ver
déconvenue;1;nom
décourager;1;ver
décrivons;1;nr
décroiser;1;ver
dédaigneusement;1;adv
dédaigneux;1;adj
dédisant;1;nr
dédit;1;nom
dédommagement;1;nom
dédommager;1;ver
défaillant;1;adj
défi;1;nom
défigurer;1;ver
défiler;1;ver
définitivement;1;adv
défoncer;1;ver
défouraillera;1;nr
dégager;1;ver
dégainer;1;ver
dégoiser;1;ver
dégourdirait;1;nr
dégouttant;1;adj
dégoutter;1;ver
dégradé;1;adj
déguerpir;1;ver
déjouer;1;ver
délabré;1;adj
délaissé;1;adj
délation;1;nom
délibération;1;nom
délicieusement;1;adv
délire;1;nom
délivrance;1;nom
déluge;1;nom
démantibuler;1;ver
démence;1;nom
démentir;1;ver
démesurer;1;ver
démesurément;1;adv
démocratique;1;adj
démontrer;1;ver
déménager;1;ver
démêler;1;ver
dénaturer;1;ver
dénicher;1;ver
dénoûment;1;nr
dénuement;1;nom
dénuer;1;ver
dépareillé;1;adj
déparent;1;nr
départirait;1;nr
dépecer;1;ver
dépenaillé;1;nom
dépit;1;nom
déposition;1;nom
déposséder;1;ver
dépouille;1;nom
dépravation;1;nom
dépravé;1;nom
déprisonner;1;nr
déprécier;1;ver
dépêtrer;1;ver
déraisonnable;1;adj
dérégler;1;ver
désappointement;1;nom
désappointer;1;ver
déshonorer;1;ver
désintéressé;1;adj
désinvolture;1;nom
désireux;1;adj
désobéir;1;ver
désolant;1;adj
désorganiser;1;ver
détaler;1;ver
détendre;1;ver
détention;1;nom
déterrer;1;ver
détour;1;nom
détourner;1;ver
détresse;1;nom
détrôner;1;ver
dévalisa;1;nr
dévider;1;ver
dévides;1;nr
dévidez;1;nr
dévorant;1;adj
dévot;1;nom
dôme;1;nom
effarer;1;ver
effaroucher;1;ver
effarouché;1;adj
effervescent;1;adj
effeuiller;1;ver
effronterie;1;nom
effronté;1;adj
efféminé;1;adj
embaucher;1;ver
embaucheuses;1;nr
emblème;1;nom
embosser;1;ver
embrouiller;1;ver
embrouillons;1;nr
embêter;1;ver
emmancher;1;ver
emménagement;1;nom
emmêler;1;ver
emmêlé;1;adj
empaillé;1;adj
empanaché;1;adj
empaumer;1;ver
empaumé;1;nr
empeser;1;ver
emphase;1;nom
emphatique;1;adj
emplacement;1;nom
emplir;1;ver
emplumé;1;adj
empoisonnerait;1;nr
empoisonnât;1;nr
en_catimini;1;adv
encadrant;1;adj
encaissement;1;nom
encaisser;1;ver
enchanter;1;ver
encre;1;nom
enduire;1;ver
endurer;1;ver
endêver;1;ver
enflammer;1;ver
enflaqués;1;nr
enfouir;1;ver
enfourner;1;ver
enfreindre;1;ver
enfumer;1;ver
engloutir;1;ver
engouement;1;nom
engouer;1;ver
engouffrer;1;ver
engourdi;1;adj
enivrant;1;adj
enivrement;1;nom
enivrer;1;ver
enjambement;1;nom
enjeu;1;nom
enjoliver;1;ver
enlaidir;1;ver
enluminé;1;adj
enlèvement;1;nom
enquérir;1;ver
enracinèrent;1;nr
enrhumer;1;ver
enrôler;1;ver
ensanglanter;1;ver
ensauvais;1;nr
ensauvé;1;nr
ensevelir;1;ver
ensorceler;1;ver
ensuivre;1;ver
entablement;1;nom
entortiller;1;ver
entour;1;nom
entrailles;1;nom
entraver;1;ver
entraîneur;1;nom
entrebâiller;1;ver
entrebâillé;1;adj
entrefaite;1;nom
entregent;1;nom
entremêler;1;ver
entreprendre;1;ver
entrevoir;1;ver
entêté;1;nom
enveloppe;1;nom
enviable;1;adj
envoi;1;nom
ergot;1;nom
errant;1;adj
escalade;1;nom
escalader;1;ver
escarper;1;ver
escarperais;1;nr
esclandre;1;nom
escrime;1;nom
escroc;1;nom
esculape;1;nr
espace;1;nom
espion;1;nom
espionner;1;ver
essai;1;nom
essence;1;nom
essentiellement;1;adv
essophas;1;nr
essoufflé;1;adj
estimable;1;adj
etc;1;adv
ex;1;nr
exaltant;1;adj
excentricité;1;nom
excentrique;1;adj
excitant;1;adj
excitation;1;nom
excité;1;adj
excuse;1;nom
exhaler;1;ver
exhorter;1;ver
exiler;1;ver
exorbitant;1;adj
expansif;1;adj
expiateur;1;adj
expiations;1;nr
expirant;1;adj
expirer;1;ver
exploiter;1;ver
expressif;1;adj
expédient;1;nom
expédier;1;ver
expédition;1;nom
expérience;1;nom
expérimenté;1;adj
exterminer;1;ver
extraordinairement;1;adv
exubérance;1;nom
exécrable;1;adj
exécuter;1;ver
exécution;1;nom
f;1;nom_sup
fable;1;nom
faciliter;1;ver
factice;1;adj
faction;1;nom
faculté;1;nom
faiblement;1;adv
faiblir;1;ver
fainéant;1;nom
fameusement;1;adv
familièrement;1;adv
fanatique;1;nom
fanatisme;1;nom
fanfaron;1;nom
fangeux;1;adj
fantôme;1;nom
fardeau;1;nom
farnèse;1;nr
fascinatrice;1;nr
fasciner;1;ver
fatigue;1;nom
fatuité;1;nom
faubourg;1;nom
fauchants;1;nr
favorable;1;adj
façade;1;nom
fendre;1;ver
ferlampier;1;nr
fermenter;1;ver
ferrure;1;nom
fertile;1;adj
fesse_mathieu;1;nom
festin;1;nom
festonnent;1;nr
ficeler;1;ver
ficher;1;ver
fidèlement;1;adv
figaro;1;nom
fignoler;1;ver
filet;1;nom
filoche;1;nom
financier;1;adj
fixité;1;nom
flagrant;1;adj
flairer;1;ver
flamboyant;1;adj
flegmatique;1;adj
flore;1;nom
flot;1;nom
flotte;1;nom
flâneuse;1;nom
flânez;1;nr
fléchir;1;ver
flétrissure;1;nom
flûteur;1;nr
fol;1;adj
folâtrer;1;ver
foncièrement;1;adv
foncé;1;adj
fondant;1;nom
fondue;1;nom
fontaine;1;nom
fonte;1;nom
forcément;1;adv
forfait;1;nom
forger;1;ver
forgeron;1;nom
formalité;1;nom
fortifier;1;ver
fortifierai;1;nr
fortuné;1;adj
fouillis;1;nom
fouine;1;nom
foulard;1;nom
fourchette;1;nom
fourmiller;1;ver
fourmilleront;1;nr
fourneau;1;nom
fourrure;1;nom
foutre;1;ver
fracas;1;nom
fracture;1;nom
fracturer;1;ver
franchir;1;ver
frein;1;nom
friand;1;adj
friche;1;nom
fricoterai;1;nr
fricoteur;1;nom
frileux;1;adj
frimer;1;ver
fripait;1;nr
fripier;1;nom
fromage;1;nom
frontière;1;nom
frédéric;1;nr
frémissement;1;nom
frénésie;1;nom
fréquemment;1;adv
fréquent;1;adj
frôlement;1;nom
frôler;1;ver
fuite;1;nom
furet;1;nom
futaie;1;nom
futaine;1;nom
fébrile;1;adj
fécond;1;adj
fêler;1;ver
fêlure;1;nom
fêlé;1;nom
fête_dieu;1;nom
fêter;1;ver
gagnant;1;nom
galonné;1;adj
galop;1;nom
galoper;1;ver
galère;1;nom
gantelet;1;nom
garantie;1;nom
garce;1;nom
gargote;1;nom
garnement;1;nom
gaudriole;1;nom
gaye;1;nr
gazelle;1;nom
gazon;1;nom
gazonnées;1;nr
gazouiller;1;ver
geignant;1;adj
gent;1;nom
gentiment;1;adv
gerbe;1;nom
gernaffle;1;nr
geôle;1;nom
geôlier;1;nom
gibier;1;nom
gigot;1;nom
gigoter;1;ver
gigue;1;nom
girandole;1;nom
giron;1;nom
girond;1;adj
givre;1;nom
glabre;1;adj
gladiateur;1;nom
glaner;1;ver
glapir;1;ver
glapissant;1;adj
glaçon;1;nom
gloire;1;nom
glorieux;1;adj
glousser;1;ver
gluck;1;nr
gouailleur;1;adj
goualante;1;nom
goualer;1;ver
gouffre;1;nom
goujat;1;nom
gouvernant;1;nom
gouvernemental;1;adj
gouverner;1;ver
gouverneur;1;nom
gouépeur;1;nr
gouépé;1;nr
grabat;1;nom
grade;1;nom
graisser;1;ver
grammaire;1;nom
grand_chose;1;pro_ind
grand_messe;1;nom
grandir;1;ver
grangeneuve;1;nr
gratification;1;nom
gratis;1;adv
graver;1;ver
graviter;1;ver
gredin;1;nom
grelot;1;nom
grenadier;1;nom
grenadilles;1;nr
greuze;1;nr
grigou;1;nom
grillade;1;nom
grimaçant;1;adj
grimer;1;ver
grinches;1;nr
grinché;1;nr
grièvement;1;adv
grognement;1;nom
grogner;1;ver
gronder;1;ver
grondeur;1;adj
grosseur;1;nom
grossièrement;1;adv
guerrier;1;nom
guerroie;1;nr
guerroyer;1;ver
gueule;1;nom
guichet;1;nom
guillotine;1;nom
guttural;1;adj
guéret;1;nom
guéridon;1;nom
guérison;1;nom
guêpe;1;nom
guêtre;1;nom
gâchette;1;nom
gémissement;1;nom
génie;1;nom
généalogie;1;nom
généralisiez;1;nr
génération;1;nom
gérant;1;nom
habilissimes;1;nr
habillement;1;nom
habituellement;1;adv
hache;1;nom
haletant;1;adj
halle;1;nom
hallebarde;1;nom
hanté;1;adj
haras;1;nom
hareng;1;nom
hargneux;1;adj
harmonie;1;nom
harmonieux;1;adj
harnais;1;nom
hasarder;1;ver
hasardé;1;adj
haut_le_corps;1;nom
haïssable;1;adj
hennir;1;ver
henri;1;nr
hermétiquement;1;adv
herse;1;nom
hibou;1;nom
hideur;1;nom
hirondelle;1;nom
historien;1;nom
hiéroglyphique;1;adj
hochement;1;nom
hochet;1;nom
hogarth;1;nr
holocauste;1;nom
homicide;1;nom
homélie;1;nom
hongrois;1;nom
honnêtement;1;adv
honorabilité;1;nom
horace;1;nr
hospitalier;1;adj
hostilité;1;nom
hubart;1;nr
huissier;1;nom
hurlement;1;nom
hutte;1;nom
hyacinthes;1;nr
hypocondriaque;1;adj
hypothèse;1;nom
hâbleur;1;nom
hâle;1;nom
hébétement;1;nom
hébété;1;adj
héron;1;nom
héroïque;1;adj
ici_bas;1;adv
idylle;1;nom
illicite;1;adj
illuminer;1;ver
illustre;1;adj
illustré;1;adj
imaginaire;1;adj
imbiber;1;ver
imbécile;1;nom
immanquable;1;adj
immensité;1;nom
immondice;1;nom
immoralité;1;nom
immortaliser;1;ver
immortel;1;adj
impardonnable;1;adj
impasse;1;nom
impassibilité;1;nom
impitoyablement;1;adv
impiété;1;nom
implanter;1;ver
implorer;1;ver
impolitesse;1;nom
importuner;1;ver
impossibilité;1;nom
imposteur;1;nom
impressionnable;1;adj
imprimer;1;ver
imprécation;1;nom
imprégner;1;ver
impudemment;1;adv
impudence;1;nom
impudent;1;adj
impunité;1;nom
impunément;1;adv
impur;1;adj
impérieusement;1;adv
in_petto;1;adv
inaccoutumé;1;adj
inaltérable;1;adj
inamovible;1;adj
inattention;1;nom
incarnat;1;nom
incendie;1;nom
incendier;1;ver
incertitude;1;nom
incisif;1;adj
incolore;1;adj
incommode;1;adj
incommoder;1;ver
incommodité;1;nom
incomplètement;1;adv
incompréhensible;1;adj
incongru;1;adj
incruster;1;ver
incrédule;1;adj
incrédulité;1;nom
incurable;1;adj
indemnisait;1;nr
indemnisera;1;nr
indifférence;1;nom
indigent;1;nom
indignerait;1;nr
indiscret;1;adj
indispositions;1;nr
individu;1;nom
indolence;1;nom
indomptable;1;adj
indompté;1;adj
indécemment;1;adv
indépendant;1;adj
inestimable;1;adj
inexorable;1;adj
inexplicable;1;adj
inexpérience;1;nom
inextinguible;1;adj
infaillible;1;adj
infinité;1;nom
infirme;1;adj
infirmerie;1;nom
inflammatoire;1;adj
inflexibilité;1;nom
inflexible;1;adj
ingénieusement;1;adv
ingénuité;1;nom
ingénument;1;adv
inimitable;1;adj
initiale;1;nom
injuste;1;adj
inné;1;adj
inquisiteur;1;adj
insatiable;1;adj
insignifiant;1;adj
insinuant;1;adj
insouciant;1;adj
insoucieusement;1;adv
installer;1;ver
instamment;1;adv
instantanément;1;adv
instinctif;1;adj
intellectuel;1;adj
intelligemment;1;adv
intempérance;1;nom
intempérie;1;nom
interpellation;1;nom
interpeller;1;ver
interprétation;1;nom
interrogatif;1;adj
interrogatoire;1;nom
intimidation;1;nom
intituler;1;ver
intriguer;1;ver
introduirons;1;nr
introuvable;1;adj
intrépide;1;adj
intrépidement;1;adv
intérim;1;nom
inusité;1;adj
invariable;1;adj
inventaire;1;nom
inventer;1;ver
inventeur;1;nom
inverse;1;nom
invitation;1;nom
inviter;1;ver
inébranlable;1;adj
iris;1;nom
irisé;1;adj
ironiquement;1;adv
irrécusable;1;adj
irréprochable;1;adj
irrésolu;1;adj
iscariote;1;nr
isolé;1;adj
issue;1;nom
italie;1;nr
itinéraire;1;nom
jaboter;1;ver
jack;1;nom
jacquot;1;nom
jaillir;1;ver
japper;1;ver
jaquette;1;nom
jarretière;1;nom
jaspinez;1;nr
jaunir;1;ver
jeannette;1;nom
jet;1;nom
job;1;nom
jockey;1;nom
john;1;nr
jonquille;1;nom
joufflu;1;adj
journellement;1;adv
jovial;1;adj
joyeusement;1;adv
juchoirs;1;nr
judas;1;nom
judicieux;1;adj
juiverie;1;nom
jupe;1;nom
jurement;1;nr
justiciable;1;adj
juvénilité;1;nom
jésus;1;nom
labourer;1;ver
laconique;1;adj
lacour;1;nr
lacté;1;adj
lambeau;1;nom
lambiner;1;ver
lambris;1;nom
lamentable;1;adj
lancéolées;1;nr
languedoc;1;nr
langueur;1;nom
laquais;1;nom
largeur;1;nom
lartif;1;nr
las;1;adj
lataniers;1;nr
lecture;1;nom
lenteur;1;nom
lettré;1;nom
liane;1;nom
libation;1;nom
libéralité;1;nom
licence;1;nom
licheur;1;nr
licheurs;1;nr
licou;1;nom
liguer;1;ver
lille;1;nr
limace;1;nom
limite;1;nom
limpide;1;adj
limpidité;1;nom
lingère;1;nom
lion;1;nom
liqueur;1;nom
lisse;1;adj
liste;1;nom
littoral;1;nom
littéralement;1;adv
localité;1;nom
location;1;nom
logé;1;adj
loisir;1;nom
longer;1;ver
longuement;1;adv
lopin;1;nom
loquet;1;nom
losange;1;nom
lot;1;nom
loto;1;nom
loyauté;1;nom
loyer;1;nom
lucarne;1;nom
luire;1;ver
lundi;1;nom
lune;1;nom
lustré;1;adj
là_dessous;1;adv
lâche;1;nom
lécherez;1;nr
légalement;1;adv
légaliser;1;ver
légion;1;nom
légitimer;1;ver
légume;1;nom
lézarder;1;ver
lézardé;1;adj
macarone;1;nr
machin;1;nom
machinal;1;adj
machine;1;nom
madelon;1;nr
magie;1;nom
magistral;1;adj
magnificence;1;nom
magnoliers;1;nr
magnétique;1;adj
maille;1;nom
maint;1;adj_ind
maintes;1;adj_ind
majestueux;1;adj
majesté;1;nom
major;1;nom
majuscule;1;nom
maladroit;1;adj
malencontreux;1;adj
malice;1;nom
malignement;1;adv
malpropre;1;nom
malédiction;1;nom
maman;1;nom
manchon;1;nom
mancini;1;nr
mandataire;1;nom
mannequin;1;nom
manton;1;nr
manège;1;nom
maraîcher;1;nom
marboeuf;1;nr
marchandise;1;nom
marmaille;1;nom
marmotter;1;ver
maroquin;1;nom
marque;1;nom
marraine;1;nom
marron;1;adj
marteau;1;nom
martial;1;adj
martre;1;nom
massacrer;1;ver
mater;1;ver
maternité;1;nom
matinée;1;nom
matériel;1;nom
maurice;1;nr
maussadement;1;adv
melun;1;nr
membre;1;nom
menacerions;1;nr
mendiant;1;nom
mendier;1;ver
menotte;1;nom
mensuel;1;adj
menteur;1;adj
menu;1;nom
mercenaire;1;nom
messières;1;nr
meule;1;nom
mezzo;1;nom
mi_jambe;1;nom
mie;1;nom
miens;1;pro_pos
migraine;1;nom
milice;1;nom
militairement;1;adv
millet;1;nom
million;1;nom_sup
minauder;1;ver
minutieux;1;adj
miracle;1;nom
miraculeux;1;adj
mirage;1;nom
mirette;1;nom
mirliflor;1;nr
miss;1;nom
misérablement;1;adv
miséricordieux;1;adj
mm;1;nom_sup
modeler;1;ver
modestie;1;nom
modifier;1;ver
modération;1;nom
moire;1;nom
moisson;1;nom
moissonneur;1;nom
mollet;1;nom
momaque;1;nr
momifié;1;adj
monceau;1;nom
monnier;1;nr
monotone;1;adj
monseign;1;nr
monseigneuriser;1;nr
monstrueux;1;adj
monstruosité;1;nom
montagnard;1;adj
moralisait;1;nr
moralisation;1;nom
moraliser;1;ver
morganatique;1;adj
moribond;1;adj
mortellement;1;adv
mosaïque;1;nom
motiver;1;ver
motus;1;ono
moucher;1;ver
moulin;1;nom
mouron;1;nom
moussu;1;adj
muer;1;ver
muguet;1;nom
multitude;1;nom
munir;1;ver
munition;1;nom
murillo;1;nr
murmure;1;nom
muscadin;1;nom
musculaire;1;adj
musculeux;1;adj
museau;1;nom
musicien;1;nom
musqué;1;adj
mutilé;1;adj
mutuel;1;adj
mystérieusement;1;adv
mythologie;1;nom
mânes;1;nom
mécanique;1;adj
mécaniser;1;ver
mécompte;1;nom
médiocrement;1;adv
méditatif;1;adj
méditation;1;nom
méfier;1;ver
méger;1;nom
mélan;1;nr
mélancoliquement;1;adv
mélanger;1;ver
mélodieusement;1;adv
mélodrame;1;nom
méprisant;1;adj
mériterez;1;nr
mésalliance;1;nom
métallique;1;adj
métamorphose;1;nom
métamorphoser;1;ver
métayer;1;nom
méthode;1;nom
mêmes;1;pro_ind
nacrait;1;nr
nacre;1;nom
napoléon;1;nom
narcisse;1;nom
narguer;1;ver
nasal;1;adj
naïade;1;nom
nemrod;1;nom
nerf;1;nom
nerveusement;1;adv
net;1;adj
niaisement;1;adv
nippe;1;nom
nièce;1;nom
noirmont;1;nr
noisette;1;nom
nombrait;1;nr
nombrer;1;nr
nonchalamment;1;adv
nonchalant;1;adj
notable;1;nom
notamment;1;adv
notariat;1;nom
nouvellement;1;adv
nuancé;1;adj
nuisirent;1;nr
nullement;1;adv
nullité;1;nom
nuque;1;nom
nuremberg;1;nr
nuée;1;nom
négatif;1;adj
négligence;1;nom
négociant;1;nom
objection;1;nom
oblique;1;adj
oblong;1;adj
observance;1;nom
obsession;1;nom
obstiner;1;ver
obséder;1;ver
occupant;1;nom
octroyer;1;ver
ode;1;nom
odyssée;1;nom
oeil_de_boeuf;1;nom
offenser;1;ver
officiel;1;adj
oie;1;nom
oise;1;nr
olivâtre;1;adj
ombrager;1;ver
ombrelle;1;nom
ombreux;1;adj
omettre;1;ver
omnibus;1;nom
ondée;1;adj
opale;1;nom
opposition;1;nom
oppression;1;nom
optimisme;1;nom
opulent;1;adj
opérateur;1;nom
orchestre;1;nom
ordonnât;1;nr
ordonné;1;adj
oreiller;1;nom
orgie;1;nom
orgue;1;nom
orgueilleusement;1;adv
originairement;1;adv
original;1;nom
orme;1;nom
os;1;nom
oseraient;1;adv
otaïti;1;nr
otons;1;nr
oubli;1;nom
outil;1;nom
outrage;1;nom
outrager;1;ver
outrageusement;1;adv
ouvré;1;adj
pactole;1;nom
pailleté;1;adj
paix;1;nom
paletot;1;nom
palissade;1;nom
palissandre;1;nom
pallier;1;ver
palme;1;nom
palmier;1;nom
panneau;1;nom
panner;1;ver
pantagruélique;1;adj
panthéon;1;nom
paperasse;1;nom
papillon;1;nom
papilloter;1;ver
par_dessous;1;pre
parade;1;nom
parallélogramme;1;nom
paralyserai;1;nr
parapet;1;nom
paravent;1;nom
parcimonie;1;nom
parcourrons;1;nr
pardieu;1;ono
parenté;1;nom
paresseusement;1;adv
paresseux;1;adj
parfum;1;nom
parlementaire;1;adj
parquet;1;nom
parrain;1;nom
partisan;1;nom
passable;1;adj
passe_temps;1;nom
passiflores;1;nr
pastiquait;1;nr
pastique;1;nr
patente;1;nom
paterne;1;adj
paternité;1;nom
patiemment;1;adv
patriarcal;1;adj
patron;1;nom
patronage;1;nom
patronner;1;ver
pauvreté;1;nom
pavillon;1;nom
païen;1;nom
peigne;1;nom
pelure;1;nom
penseur;1;nom
pente;1;nom
perche;1;nom
percheron;1;nom
perchions;1;nr
perchoir;1;nom
perdrix;1;nom
perfidie;1;nom
perforer;1;ver
pernicieux;1;adj
perplexe;1;adj
perruche;1;nom
persil;1;nom
persuader;1;ver
perverti;1;adj
pervertir;1;ver
pesamment;1;adv
pesanteur;1;nom
petitesse;1;nom
peuplade;1;nom
peupler;1;ver
peureux;1;adj
phalange;1;nom
phase;1;nom
philippe;1;nr
philosophal;1;adj
philosophique;1;adj
philémon;1;nr
phosphorescent;1;adj
physiologique;1;adj
physionomiste;1;nom
piaffer;1;ver
piailler;1;ver
pic;1;nom
pie;1;nom
pierreries;1;nom
pierrettes;1;nr
pilastre;1;nom
pilier;1;nom
pilon;1;nom
pin;1;nom
pince_sans_rire;1;adj
pinceau;1;nom
pintade;1;nom
pioncer;1;ver
pipée;1;nom
piquet;1;nom
piquette;1;nom
pire;1;adj
pis_aller;1;nom
pitancher;1;ver
pitanches;1;nr
pitanchez;1;nr
placement;1;nom
plaideraient;1;nr
plain_pied;1;nom
plaintif;1;adj
plaintivement;1;adv
plaisamment;1;adv
plaisant;1;adj
plancher;1;nom
plant;1;nom
plateau;1;nom
pleurnicher;1;ver
pleurnicheur;1;nom
plier;1;ver
plinthe;1;nom
plombé;1;adj
plongée;1;nom
ployer;1;ver
plumage;1;nom
pluvieux;1;adj
pointer;1;ver
poison;1;nom
poivre;1;nom
poli;1;adj
poliment;1;adv
poltronnes;1;nr
pommier;1;nom
pomone;1;nr
pompe;1;nom
ponctualité;1;nom
ponctuellement;1;adv
pondération;1;nom
populaire;1;adj
populeux;1;adj
porcelaine;1;nom
positivement;1;adv
possesseur;1;nom
poster;1;ver
postérieur;1;adj
pot_au_feu;1;nom
poudre;1;nom
poudrer;1;ver
poulailler;1;nom
poulain;1;nom
poussière;1;nom
poutre;1;nom
praticien;1;nom
pratiquer;1;ver
prescription;1;nom
prescrire;1;ver
pressant;1;adj
presse;1;nom
prestesse;1;nom
prestige;1;nom
preux;1;adj
primitivement;1;adv
prismatique;1;adj
prisme;1;nom
prochainement;1;adv
procuration;1;nom
procès;1;nom
procès_verbal;1;nom
procéder;1;ver
prodige;1;nom
professer;1;ver
professeur;1;nom
proférer;1;ver
proie;1;nom
promptitude;1;nom
prométhée;1;nr
pronostic;1;nom
prophète;1;nom
proscription;1;nom
proscrire;1;ver
prose;1;nom
prospère;1;adj
prospérité;1;nom
protection;1;nom
protester;1;ver
provenir;1;ver
proverbe;1;nom
province;1;nom
provision;1;nom
provocation;1;nom
proximité;1;nom
prrrrr;1;nr
pruderie;1;nom
prussien;1;nom
précieusement;1;adv
précipitamment;1;adv
prédicateur;1;nom
prédilection;1;nom
prédisposer;1;ver
prédominance;1;nom
prédominer;1;ver
prédécesseur;1;nom
préférable;1;adj
préjudice;1;nom
préjugea;1;nr
préjugé;1;nom
préserver;1;ver
président;1;nom
présider;1;ver
présomptifs;1;nr
présomption;1;nom
prétendriez;1;nr
prétendu;1;adj
prétentieux;1;adj
prétexter;1;ver
prévenance;1;nom
prévision;1;nom
prêcher;1;ver
psalmodier;1;ver
public;1;adj
pulluler;1;ver
pupille;1;nom
purpurin;1;adj
puéril;1;adj
puérilité;1;nom
pylore;1;nom
pyrrhus;1;nr
pyrénées;1;nr
python;1;nom
pâlissant;1;adj
pâquerette;1;nom
pâté;1;nom
pâtée;1;nom
pèlerin;1;nom
pénal;1;adj
pénélope;1;nr
périlleux;1;adj
période;1;nom
péripétie;1;nom
péristyle;1;nom
péroraison;1;nom
pétillant;1;adj
pétiller;1;ver
pétition;1;nom
pêche;1;nom
pêcher;1;ver
quarante_huit;1;adj_num
quarteron;1;nom
quatorze;1;adj_num
quatre_vingts;1;adj_num
querelle;1;nom
questionneur;1;nom
quibus;1;nom
quinte;1;nom
quiétude;1;nom
quérir;1;ver
race;1;nom
racine;1;nom
rafale;1;nom
raffermissant;1;nr
raffinement;1;nom
ragaillardir;1;ver
railles;1;nr
raisiné;1;nom
raisonner;1;ver
ramsgate;1;nr
rance;1;adj
ranimer;1;ver
rapin;1;nom
rapiécer;1;ver
rapprochement;1;nom
ras;1;adj
rasseoir;1;ver
rassurant;1;adj
ratatouille;1;nom
rattacher;1;ver
rattraper;1;ver
ravage;1;nom
rayonnant;1;adj
rayonner;1;ver
rayé;1;adj
rebelle;1;adj
rebondi;1;adj
rebord;1;nom
rebut;1;nom
recel;1;nom
receler;1;ver
receleur;1;nom
recharger;1;ver
rechigner;1;ver
recoin;1;nom
recommandable;1;adj
recourbé;1;adj
recours;1;nom
recroqueviller;1;ver
recrépir;1;ver
redû;1;nr
refléter;1;ver
refouler;1;ver
refrain;1;nom
refroidissement;1;nom
refuge;1;nom
regain;1;nom
regretterions;1;nr
reine_marguerite;1;nom
rejeter;1;ver
rejeté;1;adj
relancer;1;ver
relativement;1;adv
relief;1;nom
religion;1;nom
relire;1;ver
remaniement;1;nom
remarque;1;nom
remboursement;1;nom
rembrandt;1;nr
remerciement;1;nom
remmener;1;ver
remontrer;1;ver
rempart;1;nom
remplaçant;1;nom
remédier;1;ver
renard;1;nom
rendrions;1;nr
renflement;1;nom
renfoncez;1;nr
renfonçais;1;nr
renfrogner;1;ver
rengorger;1;ver
renommé;1;adj
renouvellerez;1;nr
renversant;1;adj
renversé;1;adj
replonger;1;ver
repoussoir;1;nom
reproche;1;nom
reprocherez;1;nr
reproduction;1;nom
représentation;1;nom
reptile;1;nom
respectif;1;adj
responsable;1;adj
ressemblance;1;nom
ressemelant;1;nr
ressentiment;1;nom
ressentiraient;1;nr
ressortir;1;ver
ressouvenir;1;ver
ressuyer;1;nr
restaurais;1;nr
restauration;1;nom
restriction;1;nom
retentissant;1;adj
retentissement;1;nom
retracer;1;ver
retrempera;1;nr
revengeront;1;nr
revengée;1;nr
revue;1;nom
rhinocéros;1;nom
ricanement;1;nom
richelieu;1;nom
richement;1;adv
richesse;1;nom
rider;1;ver
ridiculement;1;adv
ridiculiser;1;ver
riffauder;1;ver
rigoureusement;1;adv
rimer;1;ver
rimeur;1;nom
river;1;ver
roche;1;nom
rogner;1;ver
rognure;1;nom
rogue;1;adj
roideur;1;nom
roidissant;1;nr
romain;1;adj
romainville;1;nr
rome;1;nr
ronflement;1;nom
rosette;1;nom
rosières;1;nr
rosé;1;nom
roue;1;nom
rouen;1;nr
rouille;1;nom
rouiller;1;ver
roulette;1;nom
roupiller;1;ver
rousselot;1;nr
routine;1;nom
royauté;1;nom
rubis;1;nom
ruer;1;ver
rugir;1;ver
rugissant;1;adj
rugissement;1;nom
ruisseler;1;ver
rustre;1;nom
râler;1;ver
réaction;1;nom
réalisation;1;nom
récalcitrant;1;adj
réceptacle;1;nom
réception;1;nom
réchapper;1;ver
réclamation;1;nom
réclamer;1;ver
réclusion;1;nom
récolte;1;nom
récolter;1;ver
récrimination;1;nom
récréation;1;nom
rédaction;1;nom
rédiger;1;ver
réflecteur;1;nom
réforme;1;nom
réfugié;1;nom
régaler;1;ver
régence;1;nom
régent;1;nom
régime;1;nom
région;1;nom
régisseur;1;nom
régnantes;1;nr
réhabilitation;1;nom
réhabiliter;1;ver
réparateur;1;nom
réparation;1;nom
réparer;1;ver
répliquer;1;ver
réprimande;1;nom
réprimer;1;ver
réprobation;1;nom
répugner;1;ver
résident;1;nom
résider;1;ver
résonner;1;ver
rétribuer;1;ver
rétrospectif;1;adj
révoltant;1;adj
révolu;1;adj
révérence;1;nom
rêveur;1;nom
rêvé;1;adj
rôdeur;1;nom
rôtir;1;ver
sable;1;nom
sabler;1;ver
sachet;1;nom
sacoche;1;nom
sacramentels;1;nr
sacrement;1;nom
sacrifice;1;nom
saigner;1;ver
saignée;1;nom
saint_père;1;nom
saintement;1;adv
sainteté;1;nom
salpêtrer;1;ver
salpêtré;1;nr
salubre;1;adj
sanglier;1;nom
saperlotte;1;nom
sapristi;1;ono
sarcelle;1;nom
sardanapale;1;nr
sardonique;1;adj
sarmenteuses;1;nr
satisferez;1;nr
savetier;1;nom
savon;1;nom
saxe;1;nr
sciemment;1;adv
scier;1;ver
scintillation;1;nom
scintiller;1;ver
scott;1;nr
scrupuleux;1;adj
scruteur;1;nr
sculpter;1;ver
sculptural;1;adj
seau;1;nom
seconder;1;ver
secourable;1;adj
secousse;1;nom
semelle;1;nom
semis;1;nom
sensation;1;nom
sensibilité;1;nom
sensément;1;adv
sentence;1;nom
serein;1;adj
serin;1;nom
sermonner;1;ver
serpenter;1;ver
serrement;1;nom
sexagénaire;1;nom
sifflement;1;nom
signal;1;nom
signification;1;nom
sillon;1;nom
simultanément;1;adv
sinves;1;nr
site;1;nom
social;1;adj
socque;1;nom
soi_disant;1;adj
soi_même;1;pro_per
soignant;1;adj
solder;1;ver
solitaire;1;adj
solive;1;nom
solution;1;nom
somnambule;1;nom
somptuosité;1;nom
sondeur;1;nom
sonorité;1;nom
sorbon;1;nom
sorcier;1;nom
sorgue;1;nr
sort;1;nom
soubresaut;1;nom
soudain;1;adj_sup
souffle;1;nom
souhait;1;nom
souillure;1;nom
souleur;1;nr
soumission;1;nom
soupirail;1;nom
soupirer;1;ver
sourciller;1;ver
sourdement;1;adv
sournois;1;adj
sous_officier;1;nom
soustraire;1;ver
spacieux;1;adj
spirale;1;nom
spirituellement;1;adv
spontané;1;adj
spécial;1;adj
spécialité;1;nom
spécimen;1;nom
stature;1;nom
strangulée;1;nr
strasbourg;1;nr
stratagème;1;nom
strié;1;adj
stupéfièrent;1;nr
stéphanotis;1;nr
stéréotypé;1;adj
suavité;1;nom
sublime;1;adj
submerger;1;ver
substituer;1;ver
subvenir;1;ver
successeur;1;nom
successivement;1;adv
suer;1;ver
suffisant;1;adj
superbement;1;adv
superficiel;1;adj
superstition;1;nom
supplication;1;nom
suppléant;1;nom
suprêmement;1;adv
sur_le_champ;1;adv
surbaissé;1;adj
surgir;1;ver
surlendemain;1;nom
surnaturel;1;nom
surnommé;1;adj
surprenant;1;adj
surveillant;1;nom
survenir;1;ver
survivre;1;ver
sus;1;adv_sup
suscription;1;nom
suspect;1;adj
suwarow;1;nr
sylphidiques;1;nr
sylvain;1;nom
symbole;1;nom
sympathiser;1;ver
symétrie;1;nom
synoptique;1;adj
sève;1;nom
sécher;1;ver
sécurité;1;nom
séduisant;1;adj
sénile;1;adj
séparation;1;nom
sérail;1;nom
tablette;1;nom
tacher;1;ver
tacitement;1;adv
taffetas;1;nom
tailleur;1;nom
taillis;1;nom
tambouriner;1;ver
tambouriniez;1;nr
tambourinât;1;nr
tapage;1;nom
tapageur;1;adj
tapisser;1;ver
tarder;1;ver
tardif;1;adj
tardivement;1;adv
tartan;1;nom
tartare;1;adj
tasse;1;nom
taupe;1;nom
taxe;1;nom
teignasse;1;nr
tempérament;1;nom
tempête;1;nom
tempêter;1;ver
tenailler;1;ver
tenancier;1;nom
tendance;1;nom
tension;1;nom
ternir;1;ver
terreux;1;adj
terriblement;1;adv
terrier;1;nom
thol;1;nr
théière;1;nom
théâtral;1;adj
tien;1;pro_pos
tige;1;nom
timbre;1;nom
tintement;1;nom
tirage;1;nom
titus;1;nr
tiède;1;adj
toi_même;1;pro_per
toise;1;nom
tolérable;1;adj
tombeau;1;nom
tondrait;1;nr
tonnant;1;adj
toper;1;ver
toque;1;nom
torpeur;1;nom
tors;1;adj
tortu;1;adj
tortueux;1;adj
torture;1;nom
total;1;adj
tourneuse;1;nr
tournoyer;1;ver
tournée;1;nom
tourtière;1;nom
toussaint;1;nom
tout_puissant;1;adj
tracasser;1;ver
trafiquer;1;ver
tragique;1;adj
trahison;1;nom
traire;1;ver
traiteur;1;nom
trajet;1;nom
trancher;1;ver
tranquillement;1;adv
transmettre;1;ver
transversal;1;adj
travailleur;1;adj
travaillé;1;adj
traversée;1;nom
traviole;1;nr
traînée;1;nom
traître;1;nom
traîtrise;1;nom
treillagée;1;nr
trembleras;1;nr
tresser;1;ver
triage;1;nom
triangle;1;nom
tribu;1;nom
trimbaler;1;ver
trimbaleur;1;nr
trimer;1;ver
trinquer;1;ver
triperie;1;nom
tripier;1;nom
triple;1;adj
tripler;1;ver
tripoter;1;ver
trompe_l_oeil;1;nom
trompeur;1;adj
trot;1;nom
troubadour;1;nom
troupière;1;nr
trousse;1;nom
tréfoin;1;nr
trépigner;1;ver
tréteau;1;nom
tsar;1;nom
tudesque;1;adj
tueur;1;nom
tuilerie;1;nom
tulipe;1;nom
tunique;1;nom
turbulence;1;nom
turbulent;1;adj
turf;1;nom
turner;1;nr
tuteur;1;nom
typhus;1;nom
tâter;1;ver
tête_de_mort;1;nom
tête_à_tête;1;nom
tôle;1;nom
ultérieur;1;adj
unes;1;pro_ind
uni;1;adj
uniforme;1;nom
unisson;1;nom
urbanité;1;nom
usurier;1;nom
utopie;1;nom
v;1;nom_sup
vacillant;1;adj
valable;1;adj
vallée;1;nom
vapeur;1;nom
varier;1;ver
variété;1;nom
vaudémont;1;nr
veine;1;nom
veiné;1;adj
vendredi;1;nom
vendôme;1;nr
vengeur;1;adj
venimeux;1;adj
ver;1;nom
verge;1;nom
verger;1;nom
vermine;1;nom
vernir;1;ver
vernis;1;nom
vernissé;1;adj
verrine;1;nr
versailles;1;nr
versant;1;nom
vertigineux;1;adj
vertueux;1;adj
veuvage;1;nom
viande;1;nom
vibrant;1;adj
vicier;1;ver
vicinal;1;adj
vicié;1;adj
victorieux;1;adj
vieillard;1;nom
vielle;1;nom
vigne;1;nom
vil;1;adj
vilenie;1;nom
vileté;1;nr
villiers;1;nr
vingtaine;1;nom
violacé;1;adj
violet;1;adj
violette;1;nom
violâtre;1;adj
viril;1;adj
viser;1;ver
visible;1;adj
visiblement;1;adv
visiteur;1;nom
visière;1;nom
visser;1;ver
vital;1;adj
vitesse;1;nom
vivace;1;adj
voilerait;1;nr
voilé;1;adj
voite;1;nr
volaille;1;nom
volant;1;nom
voltiger;1;ver
vous_même;1;pro_per
vrille;1;nom
vulgarité;1;nom
végétation;1;nom
vénus;1;nom
vénération;1;nom
vérifier;1;ver
vêpre;1;nom
williams;1;nom
xii;1;nr
zest;1;nom
zingues;1;nr
à_jeun;1;adv
à_l_improviste;1;adv
à_l_instar;1;pre
à_propos;1;nom
à_tâtons;1;adv
âpre;1;adj
âtre;1;nom
ébahissements;1;nr
ébattre;1;ver
ébauche;1;nom
ébauché;1;adj
éblouir;1;ver
éborgner;1;ver
ébranlement;1;nom
écart;1;nom
écartement;1;nom
échancré;1;adj
écharpe;1;nom
échelon;1;nom
échouer;1;ver
éclairage;1;nom
éclaireur;1;nom
éclosent;1;nr
écluse;1;nom
écot;1;nom
écrevisse;1;nom
écueil;1;nom
écumer;1;ver
écureuil;1;nom
écuyer;1;nom
éden;1;nom
édification;1;nom
éduquer;1;ver
également;1;adv
égaler;1;ver
égout;1;nom
élancement;1;nom
élancé;1;adj
élastique;1;nom
électriser;1;ver
élimination;1;nom
élite;1;nom
éloquemment;1;adv
élèverez;1;nr
élégamment;1;adv
émailler;1;ver
émaillé;1;adj
émanciper;1;ver
émigration;1;nom
éminent;1;adj
énigme;1;nom
énumération;1;nom
épeler;1;ver
éperdu;1;adj
éperon;1;nom
éperonner;1;ver
épi;1;nom
épicurien;1;adj
épicurisme;1;nom
épilogueur;1;nr
épitaphe;1;nom
éplucher;1;ver
époumonée;1;nr
épousseter;1;ver
épurera;1;nr
épée;1;nom
équilibre;1;nom
équipage;1;nom
équitable;1;adj
équitation;1;nom
érudit;1;nom
étagère;1;nom
étal;1;nom
étaler;1;ver
étamine;1;nom
étang;1;nom
éternellement;1;adv
étincelle;1;nom
étouffé;1;adj
étourdirai;1;nr
étrangeté;1;nom
étreindre;1;ver
étroitement;1;adv
été;1;nom
éventaire;1;nom
évidemment;1;adv
évolution;1;nom
évoquer;1;ver